journal_id,transaction_date,account_id,department,amount,entry_type,description
JE-10001,2026-01-20,6500,Finance,16165.96,Debit,Score each.
JE-10001,2026-01-20,2000,Finance,-16165.96,Credit,Say quality throughout.
JE-10002,2026-01-03,6500,Operations,6499.85,Debit,All behavior discussion own.
JE-10002,2026-01-03,1000,Operations,-6499.85,Credit,Current practice nation determine operation.
JE-10003,2026-01-25,5000,Marketing,17079.14,Debit,Serve civil.
JE-10003,2026-01-25,2100,Marketing,-17079.14,Credit,Future choice whatever from.
JE-10004,2026-01-03,5000,Finance,10837.08,Debit,Grow gas.
JE-10004,2026-01-03,1000,Finance,-10837.08,Credit,Southern role movie.
JE-10005,2026-01-30,5000,Marketing,6200.19,Debit,Bad fall pick those.
JE-10005,2026-01-30,2100,Marketing,-6200.19,Credit,Officer relate animal direction.
JE-10006,2026-01-09,6300,Marketing,5371.52,Debit,Talk term.
JE-10006,2026-01-09,1000,Marketing,-5371.52,Credit,Everyone player half have.
JE-10007,2026-01-07,5000,Sales,11505.62,Debit,Reduce raise author.
JE-10007,2026-01-07,1000,Sales,-11505.62,Credit,Move each left.
JE-10008,2026-01-09,6200,Sales,17604.42,Debit,Detail food shoulder argue start.
JE-10008,2026-01-09,1000,Sales,-17604.42,Credit,Husband at tree note.
JE-10009,2026-01-22,5000,Sales,5775.19,Debit,Pretty how trip.
JE-10009,2026-01-22,1000,Sales,-5775.19,Credit,Central cause seat much.
JE-10010,2026-01-23,6200,Sales,9808.22,Debit,Today human despite young.
JE-10010,2026-01-23,2100,Sales,-9808.22,Credit,Management sense technology check civil.
JE-10011,2026-01-21,6500,Finance,6980.76,Debit,As high you more wife.
JE-10011,2026-01-21,2000,Finance,-6980.76,Credit,Quite boy.
JE-10012,2026-01-27,5000,Technology,13637.59,Debit,Shoulder future fall.
JE-10012,2026-01-27,2100,Technology,-13637.59,Credit,Law west then.
JE-10013,2026-01-08,6200,Marketing,7682.87,Debit,Seven medical blood personal.
JE-10013,2026-01-08,9999,Marketing,-7682.87,Credit,Participant check several much.
JE-10014,2026-01-24,5000,Finance,5211.07,Debit,Truth out major born guy.
JE-10014,2026-01-24,2100,Finance,-5211.07,Credit,Dream drive note.
JE-10015,2026-01-03,5000,Sales,6083.51,Debit,Staff within mouth call.
JE-10015,2026-01-03,1000,Sales,-6083.51,Credit,Water close month parent.
JE-10016,2026-01-29,6200,Technology,21728.85,Debit,Sense ready require human public.
JE-10016,2026-01-29,2000,Technology,-21728.85,Credit,Just military building different.
JE-10017,2026-01-11,6100,Sales,16074.27,Debit,Network open according remain arrive.
JE-10017,2026-01-11,2000,Sales,-16074.27,Credit,Town teacher.
JE-10018,2026-01-03,6500,Sales,9204.13,Debit,Everything magazine much.
JE-10018,2026-01-03,2100,Sales,-9204.13,Credit,Office drug list imagine behind.
JE-10019,2026-01-20,6500,Marketing,16376.87,Debit,Interest level rock pull.
JE-10019,2026-01-20,1000,Marketing,-16376.87,Credit,Art rock.
JE-10020,2026-01-25,6100,Operations,13586.43,Debit,Eat couple.
JE-10020,2026-01-25,2000,Operations,-13586.43,Credit,Cell contain leg themselves.
JE-10021,2026-01-03,6100,Marketing,9921.66,Debit,Better present music address behavior.
JE-10021,2026-01-03,2100,Marketing,-9796.66,Credit,Coach magazine degree.
JE-10022,2026-01-13,6100,Finance,8444.93,Debit,Clearly able.
JE-10022,2026-01-13,1000,Finance,-8444.93,Credit,Enter six lawyer institution.
JE-10023,2026-01-29,6200,Technology,20223.62,Debit,Product main couple design around.
JE-10023,2026-01-29,1000,Technology,-20223.62,Credit,Article finish anyone live try.
JE-10024,2026-01-16,6500,Marketing,5669.08,Debit,Whether bag.
JE-10024,2026-01-16,2000,Marketing,-5669.08,Credit,Attention attack technology.
JE-10025,2026-01-13,6300,Technology,5709.35,Debit,East organization people information on.
JE-10025,2026-01-13,2100,Technology,-5709.35,Credit,First end prove fire enter.
JE-10026,2026-01-04,6100,Sales,11741.87,Debit,Lead upon very.
JE-10026,2026-01-04,1000,Sales,-11741.87,Credit,Leader your.
JE-10027,2026-01-30,6200,Marketing,18752.23,Debit,Mrs media.
JE-10027,2026-01-30,2100,Marketing,-18752.23,Credit,Value thing these.
JE-10028,2026-01-12,6300,Marketing,14822.36,Debit,Just myself few.
JE-10028,2026-01-12,2000,Marketing,-14822.36,Credit,Account stage federal professional voice.
JE-10029,2026-01-05,6400,Operations,5873.36,Debit,Threat score.
JE-10029,2026-01-05,2000,Operations,-5873.36,Credit,Evening painting response.
JE-10030,2026-01-07,5000,Finance,2727.28,Debit,Measure economy traditional.
JE-10030,2026-01-07,1000,Finance,-2727.28,Credit,Begin interest.
JE-10031,2026-01-09,6400,Technology,15872.43,Debit,Four capital.
JE-10031,2026-01-09,1000,Technology,-15872.43,Credit,Claim kind relationship.
JE-10032,2026-01-17,6300,Marketing,9926.8,Debit,Away third.
JE-10032,2026-01-17,2100,Marketing,-9926.8,Credit,Nation strong old.
JE-10033,2026-01-05,5000,Marketing,6659.65,Debit,Among half value.
JE-10033,2026-01-05,2100,Marketing,-6659.65,Credit,Together decide.
JE-10034,2026-01-08,6200,Marketing,18157.68,Debit,Government nice.
JE-10034,2026-01-08,2100,Marketing,-18157.68,Credit,Wind see understand door.
JE-10035,2026-01-05,6300,Sales,8834.3,Debit,Thing agent say.
JE-10035,2026-01-05,1000,Sales,-8834.3,Credit,Site in prove same.
JE-10036,2026-01-08,6400,Sales,11616.23,Debit,Skin blue the.
JE-10036,2026-01-08,1000,Sales,-11616.23,Credit,Develop staff least figure.
JE-10037,2026-01-24,6500,Finance,12938.2,Debit,Development process huge.
JE-10037,2026-01-24,2000,Finance,-12938.2,Credit,Ten whom evidence.
JE-10038,2026-01-20,6400,Marketing,21120.9,Debit,Quickly such former agree.
JE-10038,2026-01-20,1000,Marketing,-21120.9,Credit,Condition while enter.
JE-10039,2026-01-04,6400,Operations,4244.56,Debit,Generation skill job worker.
JE-10039,2026-01-04,2100,Operations,-4244.56,Credit,History office.
JE-10040,2026-01-08,6200,Marketing,23003.09,Debit,Ability understand Mrs rest.
JE-10040,2026-01-08,2000,Marketing,-23003.09,Credit,Hair attorney professional.
JE-10041,2026-01-10,6200,Sales,977.18,Debit,Professional by tonight medical.
JE-10041,2026-01-10,1000,Sales,-977.18,Credit,For recent never court.
JE-10042,2026-01-20,5000,Marketing,1919.17,Debit,Quality total past feeling.
JE-10042,2026-01-20,1000,Marketing,-1919.17,Credit,Street fight decision size parent.
JE-10043,2026-01-10,6400,Finance,18431.74,Debit,Kind degree list top.
JE-10043,2026-01-10,1000,Finance,-18431.74,Credit,Probably exist professional.
JE-10044,2026-01-19,6400,Technology,3645.59,Debit,Stand seem.
JE-10044,2026-01-19,1000,Technology,-3645.59,Credit,Different current agency.
JE-10045,2026-01-08,6300,Marketing,6993.89,Debit,Particularly shoulder lay though.
JE-10045,2026-01-08,1000,Marketing,-6993.89,Credit,Create recent manager during prevent.
JE-10046,2026-01-01,6500,Operations,23258.38,Debit,Sing despite.
JE-10046,2026-01-01,2000,Operations,-23258.38,Credit,Let newspaper true building card.
JE-10047,2026-01-14,6300,Sales,10275.31,Debit,Write other wear through partner.
JE-10047,2026-01-14,2100,Sales,-10275.31,Credit,Interview trade knowledge city.
JE-10048,2026-01-26,6100,Operations,11561.41,Debit,Else easy point she.
JE-10048,2026-01-26,1000,Operations,-11561.41,Credit,Machine dream key require doctor.
JE-10049,2026-01-11,6400,Marketing,8783.1,Debit,Ball character him check degree.
JE-10049,2026-01-11,1000,Marketing,-8783.1,Credit,Imagine my indeed deal.
JE-10050,2026-01-13,5000,Finance,14916.78,Debit,Watch affect thing offer local.
JE-10050,2026-01-13,2100,Finance,-14916.78,Credit,Fear hope through structure.
JE-10051,2026-02-15,5000,Operations,15962.02,Debit,Son today major event magazine.
JE-10051,2026-02-15,1000,Operations,-15962.02,Credit,From quickly identify close.
JE-10052,2026-02-13,6400,Finance,21561.07,Debit,Wonder move trade.
JE-10052,2026-02-13,1000,Finance,-21561.07,Credit,North agree poor career left.
JE-10053,2026-02-02,6100,Technology,7322.69,Debit,Force lawyer front they.
JE-10053,2026-02-02,2100,Technology,-7322.69,Credit,Sell story edge.
JE-10054,2026-02-03,6400,Marketing,3741.64,Debit,See appear.
JE-10054,2026-02-03,2000,Marketing,-3741.64,Credit,Difference attention whatever American.
JE-10055,2026-02-01,6300,Technology,6453.43,Debit,Current after charge.
JE-10055,2026-02-01,1000,Technology,-6453.43,Credit,List boy way.
JE-10056,2026-02-13,6200,Technology,2810.98,Debit,Short cold parent.
JE-10056,2026-02-13,2000,Technology,-2810.98,Credit,Sing clearly.
JE-10057,2026-02-09,6500,Finance,10572.01,Debit,Agent find quality when however.
JE-10057,2026-02-09,2100,Finance,-10572.01,Credit,Away real physical.
JE-10058,2026-02-03,5000,Finance,24612.05,Debit,Sure outside building.
JE-10058,2026-02-03,2000,Finance,-24612.05,Credit,Site girl into have media.
JE-10059,2026-02-10,6100,Finance,18341.23,Debit,State black whether player.
JE-10059,2026-02-10,1000,Finance,-18341.23,Credit,Religious itself safe whole.
JE-10060,2026-02-08,6100,Technology,5160.12,Debit,Simple let stay or focus.
JE-10060,2026-02-08,2000,Technology,-5160.12,Credit,Store beautiful think.
JE-10061,2026-02-07,6100,Technology,4995.46,Debit,Now property from management.
JE-10061,2026-02-07,1000,Technology,-4995.46,Credit,Consider deep something future.
JE-10062,2026-02-24,5000,Marketing,11356.7,Debit,New might course.
JE-10062,2026-02-24,1000,Marketing,-11356.7,Credit,Result major serve.
JE-10063,2026-02-19,5000,Marketing,16477.55,Debit,Large admit family identify.
JE-10063,2026-02-19,1000,Marketing,-16477.55,Credit,Fill ok list.
JE-10064,2026-02-15,6100,Operations,23195.99,Debit,You nearly goal law.
JE-10064,2026-02-15,2000,Operations,-23195.99,Credit,Edge building court.
JE-10065,2026-02-04,6300,Operations,12398.21,Debit,Week real course school everybody.
JE-10065,2026-02-04,1000,Operations,-12398.21,Credit,With modern executive beyond create.
JE-10066,2026-02-07,6300,Finance,4533.61,Debit,Few remain call.
JE-10066,2026-02-07,2000,Finance,-4533.61,Credit,Window network.
JE-10067,2026-02-19,6200,Technology,23199.69,Debit,Point sell bill.
JE-10067,2026-02-19,2000,Technology,-23199.69,Credit,Off light.
JE-10068,2026-02-12,6500,Marketing,17566.49,Debit,Whole education technology.
JE-10068,2026-02-12,2100,Marketing,-17566.49,Credit,State husband.
JE-10069,2026-02-03,6200,Operations,12423.45,Debit,Rather charge specific we be.
JE-10069,2026-02-03,1000,Operations,-12423.45,Credit,Budget share paper.
JE-10070,2026-02-22,6500,Marketing,24233.38,Debit,Simply herself training.
JE-10070,2026-02-22,2100,Marketing,-24233.38,Credit,Team wrong figure.
JE-10071,2026-02-17,5000,Sales,1993.46,Debit,Whether between several personal enough.
JE-10071,2026-02-17,1000,Sales,-1993.46,Credit,Church community.
JE-10072,2026-02-03,6400,Marketing,14812.35,Debit,Impact ready.
JE-10072,2026-02-03,1000,Marketing,-14812.35,Credit,Fact discuss religious reflect.
JE-10073,2026-02-13,5000,Marketing,1893.55,Debit,Under skin person.
JE-10073,2026-02-13,1000,Marketing,-1893.55,Credit,Interesting name positive.
JE-10074,2026-02-25,6500,Finance,2178.77,Debit,Author coach film.
JE-10074,2026-02-25,1000,Finance,-2178.77,Credit,Tv keep light fight I.
JE-10075,2026-02-08,6100,Marketing,10392.5,Debit,Management ball always it focus.
JE-10075,2026-02-08,2100,Marketing,-10392.5,Credit,Ago director purpose.
JE-10076,2026-02-24,5000,Marketing,15065.72,Debit,Week yourself public especially American.
JE-10076,2026-02-24,2000,Marketing,-15065.72,Credit,Like prepare trouble.
JE-10077,2026-02-05,6400,Marketing,16605.64,Debit,Job sport why like impact.
JE-10077,2026-02-05,2000,Marketing,-16605.64,Credit,Prove tax form really.
JE-10078,2026-02-08,6500,Operations,23400.3,Debit,Spend nearly lawyer fire.
JE-10078,2026-02-08,2100,Operations,-23400.3,Credit,Break significant ten stay.
JE-10079,2026-02-01,6300,Sales,8197.5,Debit,Left approach million performance material.
JE-10079,2026-02-01,1000,Sales,-8197.5,Credit,Service data near until.
JE-10080,2026-02-12,6300,Sales,16956.41,Debit,Building win participant dream.
JE-10080,2026-02-12,2000,Sales,-16956.41,Credit,Financial add impact.
JE-10081,2026-02-07,5000,Finance,23260.95,Debit,Left brother.
JE-10081,2026-02-07,2000,Finance,-23260.95,Credit,Marriage respond meeting.
JE-10082,2026-02-08,5000,Marketing,15718.4,Debit,Woman during necessary himself.
JE-10082,2026-02-08,1000,Marketing,-15718.4,Credit,Meet these tell everybody so.
JE-10083,2026-02-12,6200,Marketing,13672.04,Debit,Environment able rise study.
JE-10083,2026-02-12,1000,Marketing,-13672.04,Credit,Your majority chance Mrs generation.
JE-10084,2026-02-15,6100,Finance,23364.85,Debit,Help usually thank wonder draw.
JE-10084,2026-02-15,2000,Finance,-23364.85,Credit,Do simply analysis seat.
JE-10085,2026-02-20,6400,Technology,7482.19,Debit,History professional star wonder.
JE-10085,2026-02-20,2100,Technology,-7482.19,Credit,Who call whole forward.
JE-10086,2026-02-03,5000,Marketing,7911.67,Debit,Between treat address century.
JE-10086,2026-02-03,2100,Marketing,-7911.67,Credit,Avoid sit enter.
JE-10087,2026-02-17,6500,Sales,20519.05,Debit,Power system system teacher.
JE-10087,2026-02-17,1000,Sales,-20519.05,Credit,West phone thought maintain.
JE-10088,2026-02-15,6200,Operations,23503.79,Debit,Attention piece TV young section.
JE-10088,2026-02-15,1000,Operations,-23503.79,Credit,Within set region beyond.
JE-10089,2026-02-05,6100,Marketing,22297.96,Debit,Tough animal someone.
JE-10089,2026-02-05,2000,Marketing,-22297.96,Credit,Grow issue each.
JE-10090,2026-02-12,6500,Operations,7403.03,Debit,Color bad that.
JE-10090,2026-02-12,2000,Operations,-7403.03,Credit,Raise marriage on discussion point.
JE-10091,2026-02-13,6400,Sales,5488.13,Debit,Together let.
JE-10091,2026-02-13,2000,Sales,-5488.13,Credit,Quality citizen kid.
JE-10092,2026-02-10,5000,Finance,6652.47,Debit,Federal while real lead few.
JE-10092,2026-02-10,2100,Finance,-6652.47,Credit,Table blood high grow.
JE-10093,2026-02-08,5000,Sales,10877.61,Debit,Against stop how.
JE-10093,2026-02-08,1000,Sales,-10877.61,Credit,Not rate.
JE-10094,2026-02-21,6500,Operations,8672.14,Debit,Treat seat.
JE-10094,2026-02-21,2000,Operations,-8672.14,Credit,Simply discover soon.
JE-10095,2026-02-06,6400,Technology,4458.76,Debit,Per question return.
JE-10095,2026-02-06,2100,Technology,-4458.76,Credit,Pick tough position.
JE-10096,2026-02-09,5000,Finance,10978.33,Debit,Almost half capital travel.
JE-10096,2026-02-09,1000,Finance,-10978.33,Credit,Section compare car much.
JE-10097,2026-02-27,6400,Operations,23653.75,Debit,Maybe evening clearly trial want.
JE-10097,2026-02-27,1000,Operations,-23653.75,Credit,Second full boy.
JE-10098,2026-02-26,6400,Marketing,20947.58,Debit,Senior difficult put.
JE-10098,2026-02-26,1000,Marketing,-20947.58,Credit,Whose source hand so.
JE-10099,2026-02-01,6200,Finance,11029.77,Debit,Buy happy see energy herself.
JE-10099,2026-02-01,2000,Finance,-11029.77,Credit,Board doctor agent this.
JE-10100,2026-02-16,6200,Finance,22525.05,Debit,Determine as statement travel few.
JE-10100,2026-02-16,1000,Finance,-22525.05,Credit,Bring animal also you.
JE-10101,2026-03-04,6200,Finance,17210.63,Debit,Thought career law.
JE-10101,2026-03-04,2100,Finance,-17210.63,Credit,Industry score choice increase between.
JE-10102,2026-03-15,6400,Technology,22161.3,Debit,Voice evidence real describe.
JE-10102,2026-03-15,2100,Technology,-22161.3,Credit,Wear talk between rate.
JE-10103,2026-03-17,6100,Operations,4286.56,Debit,Art every why we.
JE-10103,2026-03-17,1000,Operations,-4286.56,Credit,Begin deep police wife.
JE-10104,2026-03-02,6100,Finance,22094.7,Debit,During call north attention.
JE-10104,2026-03-02,2100,Finance,-22094.7,Credit,Debate democratic thank forget challenge.
JE-10105,2026-03-28,6500,Technology,23149.94,Debit,Everyone worker.
JE-10105,2026-03-28,2100,Technology,-23149.94,Credit,Music sometimes body.
JE-10106,2026-03-26,6100,Sales,20363.36,Debit,Address so draw.
JE-10106,2026-03-26,2100,Sales,-20363.36,Credit,Administration enter camera inside.
JE-10107,2026-03-04,6300,Finance,3148.34,Debit,Live sing.
JE-10107,2026-03-04,1000,Finance,-3148.34,Credit,Order later develop past road.
JE-10108,2026-03-28,6200,Technology,5389.53,Debit,Feeling poor all your suggest.
JE-10108,2026-03-28,2000,Technology,-5389.53,Credit,Rather make travel available.
JE-10109,2026-03-03,6100,Operations,20603.14,Debit,Chance call person one Republican.
JE-10109,2026-03-03,1000,Operations,-20603.14,Credit,Yes most law painting.
JE-10110,2026-03-03,6200,Technology,16670.81,Debit,Table prepare.
JE-10110,2026-03-03,2000,Technology,-16670.81,Credit,Result Democrat later direction fund.
JE-10111,2026-03-14,6200,Sales,21676.65,Debit,Role fine fine effort.
JE-10111,2026-03-14,2100,Sales,-21676.65,Credit,Rather listen before.
JE-10112,2026-03-03,6200,Marketing,12980.44,Debit,Benefit school speech news.
JE-10112,2026-03-03,1000,Marketing,-12980.44,Credit,What no prove improve them.
JE-10113,2026-03-29,6100,Sales,3325.87,Debit,Test return why outside.
JE-10113,2026-03-29,2100,Sales,-3325.87,Credit,Billion medical choice lot.
JE-10114,2026-03-26,5000,Sales,24082.09,Debit,Suddenly happen several off.
JE-10114,2026-03-26,1000,Sales,-24082.09,Credit,Suddenly window stand party.
JE-10115,2026-03-20,6500,Sales,15116.0,Debit,Participant price.
JE-10115,2026-03-20,2000,Sales,-15116.0,Credit,Ahead event several.
JE-10116,2026-03-28,5000,Marketing,11191.65,Debit,Accept thank not husband.
JE-10116,2026-03-28,2000,Marketing,-11191.65,Credit,Scientist will begin.
JE-10117,2026-03-16,6200,Operations,22537.87,Debit,Information game have return.
JE-10117,2026-03-16,1000,Operations,-22537.87,Credit,Other third choose senior anyone.
JE-10118,2026-03-03,6400,Finance,17865.24,Debit,Product magazine kind event.
JE-10118,2026-03-03,2100,Finance,-17865.24,Credit,Box involve exist question main.
JE-10119,2026-03-21,6200,Operations,17328.0,Debit,Determine worker.
JE-10119,2026-03-21,2000,Operations,-17328.0,Credit,Account feeling.
JE-10120,2026-03-07,6400,Sales,2214.36,Debit,Share face build.
JE-10120,2026-03-07,2000,Sales,-2214.36,Credit,Section compare herself region.
JE-10121,2026-03-16,6500,Finance,16752.99,Debit,Author technology amount affect.
JE-10121,2026-03-16,2000,Finance,-16752.99,Credit,Television office.
JE-10122,2026-03-18,6200,Technology,12924.5,Debit,Face if whom commercial.
JE-10122,2026-03-18,2000,Technology,-12924.5,Credit,Least ready gun join black.
JE-10123,2026-03-14,6100,Marketing,17581.61,Debit,Model how financial fund.
JE-10123,2026-03-14,1000,Marketing,-17581.61,Credit,Single baby plan most.
JE-10124,2026-03-06,6500,Technology,10800.94,Debit,Go when population challenge.
JE-10124,2026-03-06,2100,Technology,-10800.94,Credit,Chair culture.
JE-10125,2026-03-19,6400,Marketing,22618.74,Debit,Concern significant.
JE-10125,2026-03-19,2000,Marketing,-22618.74,Credit,Less nor often race.
JE-10126,2026-03-27,6200,Finance,10448.84,Debit,Follow wife firm key light.
JE-10126,2026-03-27,2000,Finance,-10448.84,Credit,Field ever argue medical financial.
JE-10127,2026-03-14,6400,Marketing,5649.48,Debit,Hard expert.
JE-10127,2026-03-14,2100,Marketing,-5649.48,Credit,Past medical.
JE-10128,2026-03-14,6300,Technology,8395.11,Debit,West school American training occur.
JE-10128,2026-03-14,2100,Technology,-8395.11,Credit,Focus little character.
JE-10129,2026-03-02,6500,Technology,5735.68,Debit,Specific study.
JE-10129,2026-03-02,1000,Technology,-5735.68,Credit,Mean common.
JE-10130,2026-03-08,6400,Sales,16641.84,Debit,Yard model particular hair.
JE-10130,2026-03-08,2100,Sales,-16641.84,Credit,Hold simple quickly.
JE-10131,2026-03-02,5000,Sales,16007.05,Debit,Positive at behind question exist.
JE-10131,2026-03-02,1000,Sales,-16007.05,Credit,Their four old center glass.
JE-10132,2026-03-30,6100,Operations,16983.49,Debit,Can remember be next.
JE-10132,2026-03-30,1000,Operations,-16983.49,Credit,Spend prove stock school.
JE-10133,2026-03-21,6300,Operations,1098.42,Debit,Behavior provide meet adult final.
JE-10133,2026-03-21,2100,Operations,-1098.42,Credit,Game she court.
JE-10134,2026-03-30,6300,Finance,21318.57,Debit,Baby such big.
JE-10134,2026-03-30,2000,Finance,-21318.57,Credit,Strong this also from short.
JE-10135,2026-03-04,6100,Marketing,22210.35,Debit,Child Congress realize person.
JE-10135,2026-03-04,2100,Marketing,-22210.35,Credit,Return analysis hair.
JE-10136,2026-03-22,6300,Technology,17560.68,Debit,Particular sell six doctor.
JE-10136,2026-03-22,1000,Technology,-17560.68,Credit,Finally speak light.
JE-10137,2026-03-26,5000,Finance,4115.5,Debit,Question now key show.
JE-10137,2026-03-26,2000,Finance,-4115.5,Credit,Me industry class current.
JE-10138,2026-03-19,6300,Marketing,5861.61,Debit,Appear lose he.
JE-10138,2026-03-19,1000,Marketing,-5861.61,Credit,Represent middle.
JE-10139,2026-03-04,6300,Finance,14156.44,Debit,Several evening.
JE-10139,2026-03-04,1000,Finance,-14156.44,Credit,Challenge join watch develop later.
JE-10140,2026-03-11,6400,Marketing,20134.71,Debit,Increase how.
JE-10140,2026-03-11,2100,Marketing,-20134.71,Credit,Dog yes heart agreement.
JE-10141,2026-03-28,6400,Technology,8273.8,Debit,Social case expert stop.
JE-10141,2026-03-28,2100,Technology,-8273.8,Credit,Serve light past.
JE-10142,2026-03-28,6400,Technology,22354.5,Debit,Eight strong.
JE-10142,2026-03-28,2000,Technology,-22354.5,Credit,Vote participant institution simply down.
JE-10143,2026-03-04,6300,Technology,22481.6,Debit,Information soldier lead.
JE-10143,2026-03-04,2000,Technology,-22481.6,Credit,Student matter.
JE-10144,2026-03-17,6400,Sales,18918.53,Debit,Middle drop century investment pass.
JE-10144,2026-03-17,2000,Sales,-18918.53,Credit,Number cost property.
JE-10145,2026-03-16,6300,Sales,15855.34,Debit,Attack moment medical write.
JE-10145,2026-03-16,1000,Sales,-15855.34,Credit,After them analysis hit health.
JE-10146,2026-03-23,6200,Operations,17981.85,Debit,Small general run pick.
JE-10146,2026-03-23,2000,Operations,-17981.85,Credit,Same forward and national spend.
JE-10147,2026-03-06,5000,Marketing,8332.88,Debit,Wonder long consider care.
JE-10147,2026-03-06,1000,Marketing,-8332.88,Credit,Already cut social though.
JE-10148,2026-03-10,6500,Technology,4195.35,Debit,Middle writer myself.
JE-10148,2026-03-10,1000,Technology,-4195.35,Credit,Already positive experience.
JE-10149,2026-03-26,6300,Finance,17807.27,Debit,Tend forward.
JE-10149,2026-03-26,2000,Finance,-17807.27,Credit,Son join hundred.
JE-10150,2026-03-14,6300,Technology,8606.59,Debit,Fund cost reality happen.
JE-10150,2026-03-14,1000,Technology,-8606.59,Credit,Entire bar interesting issue yet.
JE-10151,2026-04-06,6300,Technology,5567.44,Debit,Fly bag produce.
JE-10151,2026-04-06,2100,Technology,-5567.44,Credit,Knowledge response coach.
JE-10152,2026-04-13,6400,Finance,23678.52,Debit,Amount thank good your.
JE-10152,2026-04-13,2000,Finance,-23678.52,Credit,Police social arm.
JE-10153,2026-04-20,6200,Sales,12186.0,Debit,Guy song quickly well.
JE-10153,2026-04-20,2000,Sales,-12186.0,Credit,Support question just.
JE-10154,2026-04-04,6400,Technology,21409.47,Debit,Sing hand him.
JE-10154,2026-04-04,2100,Technology,-21409.47,Credit,Allow check last he know.
JE-10155,2026-04-03,6100,Marketing,18498.53,Debit,Morning huge power.
JE-10155,2026-04-03,2000,Marketing,-18498.53,Credit,Whether ago control.
JE-10156,2026-04-16,6300,Technology,5875.83,Debit,Brother simple region Democrat partner.
JE-10156,2026-04-16,1000,Technology,-5875.83,Credit,Customer career available common.
JE-10157,2026-04-21,6500,Technology,10027.0,Debit,Specific whose.
JE-10157,2026-04-21,1000,Technology,-10027.0,Credit,Property remember nearly face.
JE-10158,2026-04-09,6400,Operations,21092.39,Debit,Republican until point.
JE-10158,2026-04-09,2100,Operations,-21092.39,Credit,Meeting building cut catch.
JE-10159,2026-04-23,6400,Technology,1160.68,Debit,Guess occur.
JE-10159,2026-04-23,2100,Technology,-1160.68,Credit,Sound necessary partner beat.
JE-10160,2026-04-09,6500,Finance,16743.49,Debit,Moment shoulder statement available.
JE-10160,2026-04-09,2000,Finance,-16743.49,Credit,Politics last quite general.
JE-10161,2026-04-26,6100,Technology,3824.64,Debit,Policy consider whom item treat.
JE-10161,2026-04-26,1000,Technology,-3824.64,Credit,Story million.
JE-10162,2026-04-09,6100,Sales,6873.83,Debit,Follow remember generation.
JE-10162,2026-04-09,2000,Sales,-6873.83,Credit,Thus suffer economy play nearly.
JE-10163,2026-04-04,6200,Technology,8507.72,Debit,Pass behavior political.
JE-10163,2026-04-04,2000,Technology,-8507.72,Credit,Walk child probably result painting.
JE-10164,2026-04-25,6300,Finance,6680.65,Debit,American tell ball we side.
JE-10164,2026-04-25,1000,Finance,-6680.65,Credit,Prepare short indicate.
JE-10165,2026-04-19,6200,Finance,18851.09,Debit,Threat nation politics few.
JE-10165,2026-04-19,1000,Finance,-18851.09,Credit,Source rate father.
JE-10166,2026-04-03,5000,Finance,16428.53,Debit,Citizen indeed.
JE-10166,2026-04-03,1000,Finance,-16428.53,Credit,Daughter parent fine responsibility.
JE-10167,2026-04-22,6400,Finance,5384.34,Debit,Wish candidate have no.
JE-10167,2026-04-22,1000,Finance,-5384.34,Credit,Drop business last cell.
JE-10168,2026-04-02,6500,Technology,6344.35,Debit,Ten industry while total.
JE-10168,2026-04-02,1000,Technology,-6344.35,Credit,Value return couple city.
JE-10169,2026-04-29,6300,Operations,14317.25,Debit,Material final age war.
JE-10169,2026-04-29,2100,Operations,-14317.25,Credit,Lead drive on any.
JE-10170,2026-04-09,6100,Sales,6777.97,Debit,Think pressure like Mr suggest.
JE-10170,2026-04-09,2100,Sales,-6777.97,Credit,Care enough hand idea.
JE-10171,2026-04-02,6100,Finance,15377.56,Debit,Now crime.
JE-10171,2026-04-02,2000,Finance,-15377.56,Credit,Eye hit late near stay.
JE-10172,2026-04-19,6200,Finance,3148.42,Debit,Budget window hour some fund.
JE-10172,2026-04-19,2100,Finance,-3148.42,Credit,Sense current meeting matter.
JE-10173,2026-04-02,6300,Technology,17095.01,Debit,Require sound mind.
JE-10173,2026-04-02,2100,Technology,-17095.01,Credit,Paper middle foreign.
JE-10174,2026-04-18,6500,Marketing,5359.08,Debit,Hotel pattern successful.
JE-10174,2026-04-18,2100,Marketing,-5359.08,Credit,From stock mother remember feel.
JE-10175,2026-04-24,6500,Sales,6449.81,Debit,Former body indicate film.
JE-10175,2026-04-24,2100,Sales,-6449.81,Credit,Ago listen whose situation simply.
JE-10176,2026-04-17,5000,Marketing,20235.44,Debit,On color.
JE-10176,2026-04-17,2000,Marketing,-20235.44,Credit,Return simple herself start drug.
JE-10177,2026-04-17,5000,Sales,13552.26,Debit,Course kid.
JE-10177,2026-04-17,2100,Sales,-13552.26,Credit,Charge real improve simple.
JE-10178,2026-04-27,6300,Finance,16364.81,Debit,Relationship million.
JE-10178,2026-04-27,2000,Finance,-16364.81,Credit,Foot production moment finish community.
JE-10179,2026-04-27,6500,Sales,3085.7,Debit,National put test race.
JE-10179,2026-04-27,2000,Sales,-3085.7,Credit,Particular court east.
JE-10180,2026-04-17,6100,Technology,17829.06,Debit,Walk word side.
JE-10180,2026-04-17,2100,Technology,-17829.06,Credit,Real major look.
JE-10181,2026-04-17,6400,Sales,13282.8,Debit,Explain of myself.
JE-10181,2026-04-17,2100,Sales,-13282.8,Credit,Stand west source fact.
JE-10182,2026-04-09,6300,Technology,19478.72,Debit,Get kind.
JE-10182,2026-04-09,2100,Technology,-19478.72,Credit,Section degree still.
JE-10183,2026-04-08,6100,Sales,15015.63,Debit,Receive case past only drug.
JE-10183,2026-04-08,1000,Sales,-15015.63,Credit,Difficult do beyond form line.
JE-10184,2026-04-20,6100,Technology,7333.74,Debit,Accept nearly upon.
JE-10184,2026-04-20,2000,Technology,-7333.74,Credit,Present thing little practice.
JE-10185,2026-04-22,6200,Technology,14461.32,Debit,Fly position traditional.
JE-10185,2026-04-22,1000,Technology,-14461.32,Credit,Present discussion.
JE-10186,2026-04-22,6100,Sales,12610.51,Debit,Tree company.
JE-10186,2026-04-22,2000,Sales,-12610.51,Credit,Value already structure.
JE-10187,2026-04-23,6200,Sales,5696.94,Debit,View while unit.
JE-10187,2026-04-23,2000,Sales,-5696.94,Credit,Across nothing.
JE-10188,2026-04-04,6400,Sales,22067.84,Debit,Expect writer myself management.
JE-10188,2026-04-04,1000,Sales,-22067.84,Credit,Surface life cover.
JE-10189,2026-04-04,5000,Operations,13157.37,Debit,Room possible responsibility.
JE-10189,2026-04-04,1000,Operations,-13157.37,Credit,Say so.
JE-10190,2026-04-17,6400,Technology,18141.83,Debit,Compare task today.
JE-10190,2026-04-17,1000,Technology,-18141.83,Credit,Middle beautiful protect continue.
JE-10191,2026-04-05,6300,Technology,17419.93,Debit,Very according himself land.
JE-10191,2026-04-05,1000,Technology,-17419.93,Credit,West few reveal.
JE-10192,2026-04-01,6300,Operations,2779.81,Debit,Realize artist brother fill.
JE-10192,2026-04-01,2100,Operations,-2779.81,Credit,Rather type thousand show.
JE-10193,2026-04-21,6200,Marketing,6460.98,Debit,Happen determine whatever.
JE-10193,2026-04-21,2000,Marketing,-6460.98,Credit,Check security paper indeed.
JE-10194,2026-04-16,6300,Sales,14060.09,Debit,Serious soon stay seven.
JE-10194,2026-04-16,2100,Sales,-14060.09,Credit,Their bank land region back.
JE-10195,2026-04-17,6500,Sales,13984.52,Debit,Stock total.
JE-10195,2026-04-17,2000,Sales,-13984.52,Credit,Of change foreign.
JE-10196,2026-04-16,6100,Sales,7137.45,Debit,Quite response.
JE-10196,2026-04-16,1000,Sales,-7137.45,Credit,Before member speak law.
JE-10197,2026-04-15,5000,Sales,18171.47,Debit,Nor next pull final.
JE-10197,2026-04-15,2100,Sales,-18171.47,Credit,How staff.
JE-10198,2026-04-22,6100,Operations,13628.67,Debit,Authority interest red must art.
JE-10198,2026-04-22,1000,Operations,-13628.67,Credit,Worry line.
JE-10199,2026-04-09,6500,Sales,18595.81,Debit,Shoulder she within.
JE-10199,2026-04-09,2100,Sales,-18595.81,Credit,Hear through large true.
JE-10200,2026-04-11,6400,Marketing,24426.87,Debit,Radio product.
JE-10200,2026-04-11,2000,Marketing,-24426.87,Credit,Card team budget year hotel.
JE-10201,2026-05-04,6200,Operations,24522.51,Debit,Strong series without.
JE-10201,2026-05-04,1000,Operations,-24522.51,Credit,Pull name mother statement.
JE-10202,2026-05-08,5000,Sales,9341.59,Debit,Choice country themselves she.
JE-10202,2026-05-08,2100,Sales,-9341.59,Credit,Special information.
JE-10203,2026-05-23,5000,Sales,13586.31,Debit,Drive attack.
JE-10203,2026-05-23,1000,Sales,-13586.31,Credit,Almost our reflect any scientist.
JE-10204,2026-05-13,6500,Operations,14057.29,Debit,Music senior simply.
JE-10204,2026-05-13,2000,Operations,-14057.29,Credit,Mean eye staff.
JE-10205,2026-05-22,6400,Finance,3013.4,Debit,Officer significant stand down.
JE-10205,2026-05-22,2000,Finance,-3013.4,Credit,Worry miss including.
JE-10206,2026-05-09,6200,Technology,12000.23,Debit,We they treatment personal interview.
JE-10206,2026-05-09,1000,Technology,-12000.23,Credit,Another general poor high.
JE-10207,2026-05-16,6300,Sales,24154.69,Debit,Impact feel contain Mrs.
JE-10207,2026-05-16,1000,Sales,-24154.69,Credit,Support feeling remain.
JE-10208,2026-05-25,6300,Technology,20641.83,Debit,None whose.
JE-10208,2026-05-25,1000,Technology,-20641.83,Credit,Morning home effort form bad.
JE-10209,2026-05-14,6100,Finance,14637.02,Debit,Begin right couple environmental.
JE-10209,2026-05-14,1000,Finance,-14637.02,Credit,Owner them could seven right.
JE-10210,2026-05-17,5000,Sales,20372.98,Debit,Decade trade field training.
JE-10210,2026-05-17,1000,Sales,-20372.98,Credit,View while bring.
JE-10211,2026-05-30,6400,Technology,3402.06,Debit,Trial receive region however.
JE-10211,2026-05-30,2100,Technology,-3402.06,Credit,Need simply herself.
JE-10212,2026-05-17,6400,Operations,19873.15,Debit,Final growth third letter.
JE-10212,2026-05-17,2000,Operations,-19873.15,Credit,Seven floor data fine.
JE-10213,2026-05-02,6200,Technology,11537.6,Debit,Scientist administration network.
JE-10213,2026-05-02,2100,Technology,-11537.6,Credit,Often individual charge form here.
JE-10214,2026-05-26,6400,Sales,24755.77,Debit,Nearly want front shake.
JE-10214,2026-05-26,2100,Sales,-24755.77,Credit,Whom politics make collection.
JE-10215,2026-05-24,6100,Finance,1975.64,Debit,Cause national contain.
JE-10215,2026-05-24,2100,Finance,-1975.64,Credit,Wrong whatever model stuff avoid.
JE-10216,2026-05-25,6100,Finance,5670.12,Debit,Share include.
JE-10216,2026-05-25,1000,Finance,-5670.12,Credit,Discuss religious across media health.
JE-10217,2026-05-19,6100,Finance,4758.43,Debit,Tree process administration mother in.
JE-10217,2026-05-19,1000,Finance,-4758.43,Credit,Morning ever.
JE-10218,2026-05-30,6300,Marketing,10508.68,Debit,Maybe recently.
JE-10218,2026-05-30,2000,Marketing,-10508.68,Credit,South travel blood benefit.
JE-10219,2026-05-05,6500,Sales,1299.68,Debit,People education great.
JE-10219,2026-05-05,2000,Sales,-1299.68,Credit,Bad where learn during.
JE-10220,2026-05-21,5000,Technology,17723.2,Debit,Range summer president.
JE-10220,2026-05-21,2100,Technology,-17723.2,Credit,Behavior here.
JE-10221,2026-05-17,6500,Sales,6218.88,Debit,Pm reflect.
JE-10221,2026-05-17,2100,Sales,-6218.88,Credit,Matter its.
JE-10222,2026-05-24,6300,Operations,16698.98,Debit,With wind thus try discover.
JE-10222,2026-05-24,1000,Operations,-16698.98,Credit,Little another avoid understand tonight.
JE-10223,2026-05-17,6200,Operations,13841.78,Debit,Conference sure.
JE-10223,2026-05-17,1000,Operations,-13841.78,Credit,Which onto.
JE-10224,2026-05-23,6200,Operations,2249.54,Debit,Up federal nor note.
JE-10224,2026-05-23,2100,Operations,-2249.54,Credit,Quality music himself science.
JE-10225,2026-05-24,6200,Marketing,18849.46,Debit,May window.
JE-10225,2026-05-24,2000,Marketing,-18849.46,Credit,Best discussion.
JE-10226,2026-05-03,6500,Sales,3546.66,Debit,Shoulder western however similar ahead.
JE-10226,2026-05-03,2000,Sales,-3546.66,Credit,Situation late direction.
JE-10227,2026-05-17,6400,Marketing,23595.57,Debit,It quickly produce beat.
JE-10227,2026-05-17,2000,Marketing,-23595.57,Credit,Far east available environmental here.
JE-10228,2026-05-24,5000,Marketing,11225.09,Debit,Science first blood.
JE-10228,2026-05-24,2000,Marketing,-11225.09,Credit,Wall know.
JE-10229,2026-05-23,6200,Marketing,18496.08,Debit,Car cost.
JE-10229,2026-05-23,1000,Marketing,-18496.08,Credit,News mention billion bed.
JE-10230,2026-05-17,6400,Marketing,2737.51,Debit,Our foot history factor hold.
JE-10230,2026-05-17,1000,Marketing,-2737.51,Credit,Right nice.
JE-10231,2026-05-30,6400,Sales,24989.52,Debit,Occur college herself.
JE-10231,2026-05-30,1000,Sales,-24989.52,Credit,Especially environmental certainly.
JE-10232,2026-05-06,6300,Operations,19196.17,Debit,Inside machine baby.
JE-10232,2026-05-06,2100,Operations,-19196.17,Credit,Want result many.
JE-10233,2026-05-19,6100,Sales,16461.98,Debit,Blood fight we forward.
JE-10233,2026-05-19,2100,Sales,-16461.98,Credit,Here television key issue statement.
JE-10234,2026-05-20,5000,Technology,11179.18,Debit,Carry fly water cut fire.
JE-10234,2026-05-20,2000,Technology,-11179.18,Credit,Why fact reason make.
JE-10235,2026-05-18,6200,Sales,9025.05,Debit,For exactly skill.
JE-10235,2026-05-18,2100,Sales,-9025.05,Credit,Box nor or nation.
JE-10236,2026-05-21,6200,Operations,3062.7,Debit,Agree road wall decide something.
JE-10236,2026-05-21,2000,Operations,-3062.7,Credit,Standard somebody.
JE-10237,2026-05-13,6500,Sales,17495.01,Debit,Cause field education child.
JE-10237,2026-05-13,2000,Sales,-17495.01,Credit,Smile available wrong look.
JE-10238,2026-05-13,5000,Marketing,20432.37,Debit,Type thank industry already.
JE-10238,2026-05-13,2000,Marketing,-20432.37,Credit,Reduce speech order trial.
JE-10239,2026-05-04,6200,Sales,2657.46,Debit,Price great positive.
JE-10239,2026-05-04,1000,Sales,-2657.46,Credit,None population.
JE-10240,2026-05-20,6400,Technology,24269.53,Debit,Whole involve action else.
JE-10240,2026-05-20,1000,Technology,-24269.53,Credit,Section newspaper reach determine hear.
JE-10241,2026-05-14,6300,Marketing,16612.68,Debit,Real character young lot far.
JE-10241,2026-05-14,2000,Marketing,-16612.68,Credit,Break wait.
JE-10242,2026-05-05,6200,Marketing,1828.0,Debit,Gas six miss.
JE-10242,2026-05-05,2100,Marketing,-1828.0,Credit,Live just recent five.
JE-10243,2026-05-10,5000,Technology,19032.86,Debit,Against gas.
JE-10243,2026-05-10,1000,Technology,-19032.86,Credit,Quality clearly.
JE-10244,2026-05-30,6200,Operations,7042.88,Debit,Might necessary former.
JE-10244,2026-05-30,2000,Operations,-7042.88,Credit,When discussion if continue.
JE-10245,2026-05-20,5000,Technology,22080.74,Debit,How scene third last.
JE-10245,2026-05-20,1000,Technology,-22080.74,Credit,Home relate day sell.
JE-10246,2026-05-25,6100,Marketing,24342.1,Debit,Officer son.
JE-10246,2026-05-25,2100,Marketing,-24342.1,Credit,Cost for leader energy television.
JE-10247,2026-05-16,5000,Marketing,4380.27,Debit,Others particularly only girl.
JE-10247,2026-05-16,2100,Marketing,-4380.27,Credit,Pay sport relationship father.
JE-10248,2026-05-19,5000,Operations,10495.77,Debit,Public finish.
JE-10248,2026-05-19,2000,Operations,-10495.77,Credit,Figure consumer really.
JE-10249,2026-05-16,6300,Operations,23702.99,Debit,Others offer institution main.
JE-10249,2026-05-16,2100,Operations,-23702.99,Credit,Really population yourself never majority.
JE-10250,2026-05-05,6300,Sales,7650.61,Debit,Success people tend weight.
JE-10250,2026-05-05,2000,Sales,-7650.61,Credit,Carry spring white measure.
JE-10251,2026-06-15,6300,Operations,24515.99,Debit,Indeed style major bar.
JE-10251,2026-06-15,2100,Operations,-24515.99,Credit,Somebody determine.
JE-10252,2026-06-01,6400,Operations,4043.73,Debit,Mrs collection leader.
JE-10252,2026-06-01,2100,Operations,-4043.73,Credit,Near both box simple.
JE-10253,2026-06-24,5000,Operations,18784.17,Debit,My series service kid.
JE-10253,2026-06-24,2000,Operations,-18784.17,Credit,Wrong bill stop.
JE-10254,2026-06-22,6200,Technology,19430.54,Debit,Themselves allow enjoy.
JE-10254,2026-06-22,2100,Technology,-19430.54,Credit,Keep yes.
JE-10255,2026-06-23,6200,Finance,7045.73,Debit,Decide scene ready.
JE-10255,2026-06-23,2100,Finance,-7045.73,Credit,Plan coach cause deal deal.
JE-10256,2026-06-02,6400,Marketing,7814.62,Debit,Mother others collection without.
JE-10256,2026-06-02,2100,Marketing,-7814.62,Credit,Eye environment teach.
JE-10257,2026-06-29,6300,Operations,12496.19,Debit,Career seek.
JE-10257,2026-06-29,2100,Operations,-12496.19,Credit,Try yeah term camera.
JE-10258,2026-06-26,6400,Sales,12366.36,Debit,Chair focus easy.
JE-10258,2026-06-26,2100,Sales,-12366.36,Credit,Majority officer environmental increase.
JE-10259,2026-06-14,6100,Sales,9741.65,Debit,Idea seek.
JE-10259,2026-06-14,2100,Sales,-9741.65,Credit,Lawyer maintain old than.
JE-10260,2026-06-25,6100,Technology,6350.74,Debit,Room learn.
JE-10260,2026-06-25,2000,Technology,-6350.74,Credit,Sure somebody huge why.
JE-10261,2026-06-24,6500,Technology,1569.36,Debit,Environmental stock front official.
JE-10261,2026-06-24,2000,Technology,-1569.36,Credit,System small thus several animal.
JE-10262,2026-06-19,6300,Operations,9958.93,Debit,Administration upon citizen lead.
JE-10262,2026-06-19,1000,Operations,-9958.93,Credit,Dark read car practice.
JE-10263,2026-06-05,6200,Marketing,3593.03,Debit,Behavior growth bar.
JE-10263,2026-06-05,1000,Marketing,-3593.03,Credit,Appear personal rise.
JE-10264,2026-06-22,5000,Technology,21917.66,Debit,Pretty region ability live.
JE-10264,2026-06-22,2100,Technology,-21917.66,Credit,Order mind knowledge.
JE-10265,2026-06-01,6500,Finance,22805.82,Debit,Stage write institution car.
JE-10265,2026-06-01,1000,Finance,-22805.82,Credit,Director become.
JE-10266,2026-06-24,5000,Operations,10544.48,Debit,Finish thing.
JE-10266,2026-06-24,2000,Operations,-10544.48,Credit,Him spend themselves.
JE-10267,2026-06-19,6200,Sales,19647.37,Debit,Attention none particular.
JE-10267,2026-06-19,2100,Sales,-19647.37,Credit,Key reveal physical.
JE-10268,2026-06-05,6200,Finance,17471.26,Debit,Pattern kind describe to.
JE-10268,2026-06-05,2100,Finance,-17471.26,Credit,Sell operation himself.
JE-10269,2026-06-28,6200,Technology,21553.88,Debit,Social easy popular easy.
JE-10269,2026-06-28,2100,Technology,-21553.88,Credit,Outside parent single real summer.
JE-10270,2026-06-20,6400,Technology,18108.58,Debit,Day parent country.
JE-10270,2026-06-20,1000,Technology,-18108.58,Credit,Far approach today west.
JE-10271,2026-06-15,6500,Operations,15627.76,Debit,Drop point.
JE-10271,2026-06-15,2100,Operations,-15627.76,Credit,Month within.
JE-10272,2026-06-29,6500,Operations,23062.76,Debit,Car team nothing half.
JE-10272,2026-06-29,1000,Operations,-23062.76,Credit,Several west side.
JE-10273,2026-06-01,6500,Finance,11132.3,Debit,Add democratic.
JE-10273,2026-06-01,2100,Finance,-11132.3,Credit,We huge.
JE-10274,2026-06-09,6100,Technology,21878.19,Debit,Short interest I policy.
JE-10274,2026-06-09,2100,Technology,-21878.19,Credit,Pattern everyone finally memory data.
JE-10275,2026-06-24,5000,Finance,7836.92,Debit,Force only shake power poor.
JE-10275,2026-06-24,2000,Finance,-7836.92,Credit,Recognize role suffer.
JE-10276,2026-06-02,6200,Sales,20005.51,Debit,Under break.
JE-10276,2026-06-02,2000,Sales,-20005.51,Credit,Participant finally score scientist budget.
JE-10277,2026-06-21,6400,Operations,11051.83,Debit,Clearly well.
JE-10277,2026-06-21,2000,Operations,-11051.83,Credit,Military state else head seek.
JE-10278,2026-06-26,6100,Operations,14365.24,Debit,Sign ahead southern.
JE-10278,2026-06-26,1000,Operations,-14365.24,Credit,Model enjoy window.
JE-10279,2026-06-19,6400,Technology,2434.72,Debit,Lawyer growth matter note.
JE-10279,2026-06-19,2100,Technology,-2434.72,Credit,Church significant thus purpose.
JE-10280,2026-06-04,6100,Marketing,6400.33,Debit,Able teach activity animal hair.
JE-10280,2026-06-04,1000,Marketing,-6400.33,Credit,Condition whether along.
JE-10281,2026-06-24,6300,Sales,11798.17,Debit,Different eat trouble floor.
JE-10281,2026-06-24,2000,Sales,-11798.17,Credit,Number budget.
JE-10282,2026-06-20,6200,Technology,16837.6,Debit,Conference source.
JE-10282,2026-06-20,2100,Technology,-16837.6,Credit,West attention.
JE-10283,2026-06-14,6300,Finance,13891.65,Debit,Similar financial beat.
JE-10283,2026-06-14,2000,Finance,-13891.65,Credit,Account customer nor fight.
JE-10284,2026-06-19,6500,Sales,24697.47,Debit,Happy will young simply.
JE-10284,2026-06-19,2000,Sales,-24697.47,Credit,Set early according improve do.
JE-10285,2026-06-11,6200,Technology,17412.68,Debit,Week ability.
JE-10285,2026-06-11,1000,Technology,-17412.68,Credit,Support road billion morning.
JE-10286,2026-06-07,5000,Technology,24984.65,Debit,Which win central evidence.
JE-10286,2026-06-07,1000,Technology,-24984.65,Credit,Tv today.
JE-10287,2026-06-16,6400,Sales,9843.43,Debit,Learn security oil measure.
JE-10287,2026-06-16,2000,Sales,-9843.43,Credit,Avoid nothing itself who.
JE-10288,2026-06-07,5000,Sales,24820.96,Debit,Surface unit hotel.
JE-10288,2026-06-07,2100,Sales,-24820.96,Credit,Fish evening avoid dark.
JE-10289,2026-06-23,6400,Finance,10197.24,Debit,Board black last finish building.
JE-10289,2026-06-23,2100,Finance,-10197.24,Credit,Who debate final enter.
JE-10290,2026-06-04,6400,Finance,19568.63,Debit,Space fight relate.
JE-10290,2026-06-04,2100,Finance,-19568.63,Credit,American structure foreign before eat.
JE-10291,2026-06-11,6100,Sales,12669.82,Debit,Any federal star community weight.
JE-10291,2026-06-11,2100,Sales,-12669.82,Credit,New nearly behind big.
JE-10292,2026-06-24,6500,Operations,20147.33,Debit,Activity store work.
JE-10292,2026-06-24,1000,Operations,-20147.33,Credit,Cup hundred rather.
JE-10293,2026-06-28,6500,Operations,15711.83,Debit,Old else.
JE-10293,2026-06-28,1000,Operations,-15711.83,Credit,Against ask.
JE-10294,2026-06-27,6200,Finance,22633.39,Debit,Speak begin suggest speak.
JE-10294,2026-06-27,2000,Finance,-22633.39,Credit,Amount leave collection.
JE-10295,2026-06-17,6500,Sales,1317.43,Debit,Many him interview government.
JE-10295,2026-06-17,1000,Sales,-1317.43,Credit,Every land chance.
JE-10296,2026-06-18,6200,Sales,2708.27,Debit,Early far include nearly article.
JE-10296,2026-06-18,2100,Sales,-2708.27,Credit,Him information poor.
JE-10297,2026-06-24,6100,Operations,10679.83,Debit,Piece soon some.
JE-10297,2026-06-24,2100,Operations,-10679.83,Credit,Site grow name machine.
JE-10298,2026-06-27,6400,Sales,21973.28,Debit,Focus establish ago others.
JE-10298,2026-06-27,2100,Sales,-21973.28,Credit,Time sing.
JE-10299,2026-06-02,6200,Operations,22880.43,Debit,Morning short yourself wind.
JE-10299,2026-06-02,2000,Operations,-22880.43,Credit,Easy drop.
JE-10300,2026-06-16,6500,Sales,24200.91,Debit,Shake way.
JE-10300,2026-06-16,2000,Sales,-24200.91,Credit,Suffer something great stuff suddenly.
JE-10301,2026-07-06,5000,Technology,20203.7,Debit,Fish scene grow option region.
JE-10301,2026-07-06,1000,Technology,-20203.7,Credit,Way nor none could.
JE-10302,2026-07-30,6500,Operations,18976.71,Debit,My compare also argue.
JE-10302,2026-07-30,2100,Operations,-18976.71,Credit,Despite money a truth cut.
JE-10303,2026-07-04,6400,Technology,17022.95,Debit,Try such food.
JE-10303,2026-07-04,2000,Technology,-17022.95,Credit,Challenge relate.
JE-10304,2026-07-05,5000,Technology,2712.42,Debit,Suffer team.
JE-10304,2026-07-05,2000,Technology,-2712.42,Credit,Health walk.
JE-10305,2026-07-12,6200,Technology,13646.02,Debit,From follow.
JE-10305,2026-07-12,2100,Technology,-13646.02,Credit,Run join police.
JE-10306,2026-07-15,6400,Sales,18850.78,Debit,Company why really up.
JE-10306,2026-07-15,2000,Sales,-18850.78,Credit,Development open compare fill.
JE-10307,2026-07-21,5000,Sales,20649.22,Debit,Concern ability reduce.
JE-10307,2026-07-21,2100,Sales,-20649.22,Credit,Hot yes whole allow own.
JE-10308,2026-07-28,6400,Finance,6228.64,Debit,Determine not view cell seat.
JE-10308,2026-07-28,2100,Finance,-6228.64,Credit,Get floor player.
JE-10309,2026-07-29,6100,Marketing,8536.15,Debit,Land enter economic attack.
JE-10309,2026-07-29,2100,Marketing,-8536.15,Credit,Skin result answer.
JE-10310,2026-07-14,6500,Technology,2048.82,Debit,Why this manage her.
JE-10310,2026-07-14,2000,Technology,-2048.82,Credit,Heart stock small official serve.
JE-10311,2026-07-07,6100,Finance,16406.37,Debit,Available suffer far five.
JE-10311,2026-07-07,1000,Finance,-16406.37,Credit,Avoid color.
JE-10312,2026-07-12,6300,Sales,23683.41,Debit,Natural together.
JE-10312,2026-07-12,1000,Sales,-23683.41,Credit,Full world.
JE-10313,2026-07-27,6100,Marketing,2881.2,Debit,Issue president.
JE-10313,2026-07-27,2000,Marketing,-2881.2,Credit,Threat church big day couple.
JE-10314,2026-07-21,6300,Marketing,11614.27,Debit,Enter example down anyone occur.
JE-10314,2026-07-21,2100,Marketing,-11614.27,Credit,Child guess into far.
JE-10315,2026-07-20,6300,Operations,18685.59,Debit,Lose best deal point with.
JE-10315,2026-07-20,2100,Operations,-18685.59,Credit,Such final however major.
JE-10316,2026-07-20,6400,Technology,2926.03,Debit,Politics hold.
JE-10316,2026-07-20,2000,Technology,-2926.03,Credit,Those hard knowledge enjoy.
JE-10317,2026-07-14,5000,Sales,23506.8,Debit,Student nor character.
JE-10317,2026-07-14,2100,Sales,-23506.8,Credit,Beat gas.
JE-10318,2026-07-17,6300,Technology,9577.98,Debit,Dinner article hit mission whole.
JE-10318,2026-07-17,1000,Technology,-9577.98,Credit,Of dog federal house.
JE-10319,2026-07-26,6500,Finance,21458.53,Debit,Maybe too.
JE-10319,2026-07-26,2000,Finance,-21458.53,Credit,Quality per build serious common.
JE-10320,2026-07-30,5000,Sales,13839.41,Debit,Speak call interest.
JE-10320,2026-07-30,2000,Sales,-13839.41,Credit,Dark state challenge organization.
JE-10321,2026-07-10,6300,Finance,7259.1,Debit,Beautiful news.
JE-10321,2026-07-10,1000,Finance,-7259.1,Credit,For everybody leader them skill.
JE-10322,2026-07-19,5000,Marketing,16737.83,Debit,Site both change note old.
JE-10322,2026-07-19,1000,Marketing,-16737.83,Credit,Understand none.
JE-10323,2026-07-04,6100,Operations,19776.47,Debit,Test they there.
JE-10323,2026-07-04,2100,Operations,-19776.47,Credit,Him magazine participant.
JE-10324,2026-07-02,6100,Marketing,5527.54,Debit,Idea peace race.
JE-10324,2026-07-02,2100,Marketing,-5527.54,Credit,Although threat former down.
JE-10325,2026-07-23,6200,Operations,5790.81,Debit,Today after stage.
JE-10325,2026-07-23,1000,Operations,-5790.81,Credit,Financial successful teach.
JE-10326,2026-07-21,5000,Marketing,19821.77,Debit,Care wind kitchen.
JE-10326,2026-07-21,2000,Marketing,-19821.77,Credit,Especially indicate population could.
JE-10327,2026-07-07,6100,Operations,21530.95,Debit,Scientist service test start.
JE-10327,2026-07-07,2100,Operations,-21530.95,Credit,Social assume remember idea sister.
JE-10328,2026-07-16,5000,Operations,6641.03,Debit,Ahead cover strategy student economic.
JE-10328,2026-07-16,2100,Operations,-6641.03,Credit,Anything growth current happy.
JE-10329,2026-07-14,5000,Operations,21727.97,Debit,Play buy air head.
JE-10329,2026-07-14,2000,Operations,-21727.97,Credit,Land whether listen necessary general.
JE-10330,2026-07-26,6400,Operations,19854.62,Debit,See read expect.
JE-10330,2026-07-26,2000,Operations,-19854.62,Credit,Anyone take sister Democrat.
JE-10331,2026-07-07,5000,Sales,886.64,Debit,Question especially important.
JE-10331,2026-07-07,1000,Sales,-886.64,Credit,Ten whose.
JE-10332,2026-07-21,5000,Marketing,18672.09,Debit,Treatment positive over across.
JE-10332,2026-07-21,2100,Marketing,-18672.09,Credit,Part wall require.
JE-10333,2026-07-22,6200,Technology,2057.17,Debit,Interest heavy give.
JE-10333,2026-07-22,2100,Technology,-2057.17,Credit,Design few minute.
JE-10334,2026-07-19,6400,Technology,15044.82,Debit,Bill memory production successful hear.
JE-10334,2026-07-19,1000,Technology,-15044.82,Credit,Participant fear blue as write.
JE-10335,2026-07-20,6500,Finance,23662.68,Debit,End represent throughout.
JE-10335,2026-07-20,2100,Finance,-23662.68,Credit,Could military drive.
JE-10336,2026-07-02,6500,Technology,13275.55,Debit,Identify floor cause agent market.
JE-10336,2026-07-02,1000,Technology,-13275.55,Credit,Else industry home.
JE-10337,2026-07-02,6300,Technology,1990.22,Debit,Staff gas require rather point.
JE-10337,2026-07-02,2000,Technology,-1990.22,Credit,Trade public medical suddenly.
JE-10338,2026-07-26,6500,Technology,17309.39,Debit,Congress best campaign else space.
JE-10338,2026-07-26,2000,Technology,-17309.39,Credit,Water tonight pressure.
JE-10339,2026-07-07,6200,Finance,2300.52,Debit,Season film small.
JE-10339,2026-07-07,2100,Finance,-2300.52,Credit,He one less brother.
JE-10340,2026-07-02,6200,Operations,4134.18,Debit,Oil per line create build.
JE-10340,2026-07-02,2100,Operations,-4134.18,Credit,Morning including that character.
JE-10341,2026-07-30,6500,Marketing,16010.38,Debit,Important notice trade leader.
JE-10341,2026-07-30,2000,Marketing,-16010.38,Credit,Television Congress ball forward.
JE-10342,2026-07-30,6400,Marketing,9832.16,Debit,Play above event seven.
JE-10342,2026-07-30,2000,Marketing,-9832.16,Credit,Office citizen size.
JE-10343,2026-07-24,6300,Marketing,11616.03,Debit,Pass plant idea.
JE-10343,2026-07-24,1000,Marketing,-11616.03,Credit,Himself also current health.
JE-10344,2026-07-01,6500,Finance,19930.85,Debit,Series most adult above.
JE-10344,2026-07-01,2100,Finance,-19930.85,Credit,Difficult theory fine.
JE-10345,2026-07-04,6500,Marketing,22003.8,Debit,Open cold statement fear.
JE-10345,2026-07-04,1000,Marketing,-22003.8,Credit,Lay minute model.
JE-10346,2026-07-14,6300,Operations,11036.71,Debit,Garden top grow.
JE-10346,2026-07-14,2000,Operations,-11036.71,Credit,Close trade speech.
JE-10347,2026-07-01,6300,Technology,20771.77,Debit,Road capital safe.
JE-10347,2026-07-01,2100,Technology,-20771.77,Credit,Mean but represent society heart.
JE-10348,2026-07-20,6200,Technology,2829.6,Debit,Perhaps order answer blue structure.
JE-10348,2026-07-20,2100,Technology,-2829.6,Credit,Ready indicate.
JE-10349,2026-07-12,6500,Operations,6744.8,Debit,Education reduce day rate act.
JE-10349,2026-07-12,2000,Operations,-6744.8,Credit,Product production establish paper.
JE-10350,2026-07-05,5000,Finance,2144.77,Debit,Memory pay.
JE-10350,2026-07-05,2000,Finance,-2144.77,Credit,Box blood cup.
JE-10351,2026-08-06,6100,Sales,2865.83,Debit,Story win group.
JE-10351,2026-08-06,2100,Sales,-2865.83,Credit,Far always many debate.
JE-10352,2026-08-28,6400,Marketing,1969.53,Debit,Doctor actually become book.
JE-10352,2026-08-28,2000,Marketing,-1969.53,Credit,Protect chance bed memory rich.
JE-10353,2026-08-04,6200,Technology,16915.32,Debit,Popular lead with.
JE-10353,2026-08-04,2100,Technology,-16915.32,Credit,Less between company.
JE-10354,2026-08-02,6500,Technology,23557.68,Debit,Growth quality international.
JE-10354,2026-08-02,1000,Technology,-23557.68,Credit,Believe serve.
JE-10355,2026-08-02,6200,Marketing,24225.77,Debit,Professional color group.
JE-10355,2026-08-02,2000,Marketing,-24225.77,Credit,Western environmental run head.
JE-10356,2026-08-11,6100,Marketing,3038.21,Debit,Husband while.
JE-10356,2026-08-11,1000,Marketing,-3038.21,Credit,Structure ready long.
JE-10357,2026-08-13,5000,Operations,16590.04,Debit,Both receive around.
JE-10357,2026-08-13,2000,Operations,-16590.04,Credit,Billion treat lot.
JE-10358,2026-08-18,5000,Sales,21211.65,Debit,Consider here grow agreement.
JE-10358,2026-08-18,2000,Sales,-21211.65,Credit,Low maintain thought.
JE-10359,2026-08-14,6400,Technology,14565.45,Debit,Energy fire.
JE-10359,2026-08-14,2100,Technology,-14565.45,Credit,Should office north within prove.
JE-10360,2026-08-11,5000,Marketing,15532.55,Debit,Read peace item risk loss.
JE-10360,2026-08-11,2100,Marketing,-15532.55,Credit,Chance step throughout party.
JE-10361,2026-08-01,5000,Sales,23262.57,Debit,Measure light many.
JE-10361,2026-08-01,1000,Sales,-23262.57,Credit,Avoid man drive.
JE-10362,2026-08-30,6200,Sales,7195.12,Debit,Medical nearly.
JE-10362,2026-08-30,2000,Sales,-7195.12,Credit,Idea dog learn soon.
JE-10363,2026-08-14,6400,Operations,649.59,Debit,Language budget market president.
JE-10363,2026-08-14,2100,Operations,-649.59,Credit,Idea along.
JE-10364,2026-08-17,6500,Operations,10319.22,Debit,Social white.
JE-10364,2026-08-17,2100,Operations,-10319.22,Credit,Three none pressure.
JE-10365,2026-08-14,6500,Finance,24309.35,Debit,Guy approach development lawyer.
JE-10365,2026-08-14,2100,Finance,-24309.35,Credit,Should outside respond guy laugh.
JE-10366,2026-08-03,6300,Technology,5770.76,Debit,Able great plant.
JE-10366,2026-08-03,2000,Technology,-5770.76,Credit,Natural hear blood.
JE-10367,2026-08-27,6500,Sales,4356.53,Debit,Cell response return blood.
JE-10367,2026-08-27,2000,Sales,-4356.53,Credit,Cultural building system democratic station.
JE-10368,2026-08-06,6400,Marketing,19532.47,Debit,Blue increase unit study.
JE-10368,2026-08-06,1000,Marketing,-19532.47,Credit,But through leader operation mean.
JE-10369,2026-08-29,6100,Operations,22141.88,Debit,Morning any.
JE-10369,2026-08-29,2100,Operations,-22141.88,Credit,Stuff lot meet TV.
JE-10370,2026-08-06,6200,Finance,1719.18,Debit,Community spring billion price paper.
JE-10370,2026-08-06,2000,Finance,-1719.18,Credit,Mean his woman trouble.
JE-10371,2026-08-23,6400,Technology,16717.5,Debit,Huge garden family.
JE-10371,2026-08-23,2000,Technology,-16717.5,Credit,Catch owner though.
JE-10372,2026-08-16,6400,Operations,10647.5,Debit,Team Republican very plan cut.
JE-10372,2026-08-16,1000,Operations,-10647.5,Credit,Research rather TV car report.
JE-10373,2026-08-30,6200,Finance,8956.73,Debit,Mean reason follow.
JE-10373,2026-08-30,2100,Finance,-8956.73,Credit,Set no.
JE-10374,2026-08-18,6400,Technology,17122.91,Debit,Purpose throw move there.
JE-10374,2026-08-18,2100,Technology,-17122.91,Credit,Space mission agent certainly.
JE-10375,2026-08-21,6300,Operations,8056.28,Debit,Environment size worker.
JE-10375,2026-08-21,2100,Operations,-8056.28,Credit,Chair artist six.
JE-10376,2026-08-07,6200,Operations,1842.16,Debit,Allow sport bill test science.
JE-10376,2026-08-07,1000,Operations,-1842.16,Credit,Score night down.
JE-10377,2026-08-24,6200,Sales,19300.06,Debit,Realize another high.
JE-10377,2026-08-24,2000,Sales,-19300.06,Credit,What wish fine need.
JE-10378,2026-08-01,6500,Technology,3439.62,Debit,Data than team.
JE-10378,2026-08-01,2000,Technology,-3439.62,Credit,Stop treatment relate positive.
JE-10379,2026-08-23,6400,Technology,4804.52,Debit,School cultural right cover large.
JE-10379,2026-08-23,2100,Technology,-4804.52,Credit,Cost community.
JE-10380,2026-08-16,6500,Marketing,6137.71,Debit,American evidence enough claim.
JE-10380,2026-08-16,2000,Marketing,-6137.71,Credit,Accept letter visit.
JE-10381,2026-08-02,6300,Finance,2265.85,Debit,Others similar personal successful.
JE-10381,2026-08-02,1000,Finance,-2265.85,Credit,Make of group.
JE-10382,2026-08-24,6200,Finance,11763.98,Debit,Moment whatever minute skill.
JE-10382,2026-08-24,2100,Finance,-11763.98,Credit,Indeed Mr begin.
JE-10383,2026-08-07,6500,Technology,11017.47,Debit,Professional former family.
JE-10383,2026-08-07,2100,Technology,-11017.47,Credit,Most you statement wonder across.
JE-10384,2026-08-21,6300,Finance,10733.5,Debit,Drive politics truth during.
JE-10384,2026-08-21,1000,Finance,-10733.5,Credit,Radio fly.
JE-10385,2026-08-28,6400,Operations,24171.89,Debit,History music.
JE-10385,2026-08-28,2000,Operations,-24171.89,Credit,Agency might side.
JE-10386,2026-08-16,5000,Sales,20884.63,Debit,Knowledge analysis together court message.
JE-10386,2026-08-16,2000,Sales,-20884.63,Credit,Cold what.
JE-10387,2026-08-17,6300,Operations,21189.87,Debit,Phone decision.
JE-10387,2026-08-17,2100,Operations,-21189.87,Credit,Similar ten interest billion Mrs.
JE-10388,2026-08-22,6300,Finance,10311.02,Debit,Position vote section child.
JE-10388,2026-08-22,2000,Finance,-10311.02,Credit,Response also available concern.
JE-10389,2026-08-08,6200,Operations,18772.22,Debit,Offer direction.
JE-10389,2026-08-08,1000,Operations,-18772.22,Credit,Imagine later identify.
JE-10390,2026-08-10,6400,Finance,2371.29,Debit,Pull movement political peace.
JE-10390,2026-08-10,2100,Finance,-2371.29,Credit,Animal summer group me face.
JE-10391,2026-08-21,6200,Sales,5250.64,Debit,Beat she join house produce.
JE-10391,2026-08-21,2100,Sales,-5250.64,Credit,Choose detail section someone.
JE-10392,2026-08-26,6100,Operations,23976.47,Debit,Whether century quality.
JE-10392,2026-08-26,1000,Operations,-23976.47,Credit,Whatever action themselves center.
JE-10393,2026-08-02,6100,Operations,4087.88,Debit,Others Mr water fight security.
JE-10393,2026-08-02,2100,Operations,-4087.88,Credit,Deep town surface central.
JE-10394,2026-08-06,6100,Finance,4245.31,Debit,Strong create consider son system.
JE-10394,2026-08-06,2100,Finance,-4245.31,Credit,Leave near fact attack better.
JE-10395,2026-08-22,6400,Marketing,12605.87,Debit,Week ground provide doctor.
JE-10395,2026-08-22,2000,Marketing,-12605.87,Credit,People too fish.
JE-10396,2026-08-14,6500,Marketing,17187.77,Debit,Process really charge note space.
JE-10396,2026-08-14,2100,Marketing,-17187.77,Credit,Collection finish size Republican.
JE-10397,2026-08-20,6500,Sales,24670.03,Debit,Style care run.
JE-10397,2026-08-20,2000,Sales,-24670.03,Credit,Leg grow figure necessary.
JE-10398,2026-08-06,6300,Finance,4198.46,Debit,Bank exactly step through cultural.
JE-10398,2026-08-06,2000,Finance,-4198.46,Credit,Baby away affect medical all.
JE-10399,2026-08-18,6400,Sales,15968.94,Debit,Shoulder defense already end.
JE-10399,2026-08-18,1000,Sales,-15968.94,Credit,Line simple hand development sign.
JE-10400,2026-08-22,6200,Finance,9122.58,Debit,Card may bed.
JE-10400,2026-08-22,2000,Finance,-9122.58,Credit,Maybe production summer southern.
JE-10401,2026-09-18,6200,Finance,11571.89,Debit,Serious cell city.
JE-10401,2026-09-18,2000,Finance,-11571.89,Credit,We process whose save low.
JE-10402,2026-09-11,6400,Finance,2379.91,Debit,Seven discussion enough.
JE-10402,2026-09-11,2100,Finance,-2379.91,Credit,Amount deal traditional.
JE-10403,2026-09-11,6400,Technology,12923.16,Debit,Truth thing always possible.
JE-10403,2026-09-11,2100,Technology,-12923.16,Credit,Region miss.
JE-10404,2026-09-25,6300,Finance,23878.67,Debit,Official now heavy.
JE-10404,2026-09-25,2100,Finance,-23878.67,Credit,Half president structure might.
JE-10405,2026-09-11,6400,Sales,16470.02,Debit,Might good test.
JE-10405,2026-09-11,2000,Sales,-16470.02,Credit,Society thought according think.
JE-10406,2026-09-13,6300,Finance,12783.5,Debit,Baby poor deep.
JE-10406,2026-09-13,1000,Finance,-12783.5,Credit,Church own stage.
JE-10407,2026-09-20,6500,Sales,20368.69,Debit,Specific result loss long.
JE-10407,2026-09-20,1000,Sales,-20368.69,Credit,Opportunity positive improve.
JE-10408,2026-09-08,5000,Operations,12861.45,Debit,Of claim picture.
JE-10408,2026-09-08,1000,Operations,-12861.45,Credit,Three chair.
JE-10409,2026-09-05,6400,Technology,17836.73,Debit,Might if wide.
JE-10409,2026-09-05,2100,Technology,-17836.73,Credit,These road.
JE-10410,2026-09-24,6200,Sales,15440.23,Debit,Describe paper.
JE-10410,2026-09-24,2000,Sales,-15440.23,Credit,Test color store over.
JE-10411,2026-09-24,6500,Sales,9991.71,Debit,Perhaps member cold.
JE-10411,2026-09-24,2100,Sales,-9991.71,Credit,Two others attention her.
JE-10412,2026-09-04,5000,Sales,1782.96,Debit,Dark teacher.
JE-10412,2026-09-04,2000,Sales,-1782.96,Credit,Range step painting concern.
JE-10413,2026-09-27,6200,Technology,2815.4,Debit,Although six me brother lot.
JE-10413,2026-09-27,2000,Technology,-2815.4,Credit,Top much ability.
JE-10414,2026-09-28,6100,Marketing,18231.47,Debit,Miss have analysis morning.
JE-10414,2026-09-28,2000,Marketing,-18231.47,Credit,Voice lot shoulder.
JE-10415,2026-09-11,6200,Operations,2496.8,Debit,Best care local discussion teacher.
JE-10415,2026-09-11,2000,Operations,-2496.8,Credit,Our myself election.
JE-10416,2026-09-01,6100,Technology,24208.56,Debit,Official brother.
JE-10416,2026-09-01,2100,Technology,-24208.56,Credit,Heart day.
JE-10417,2026-09-24,6200,Finance,17866.43,Debit,Gun choice prepare effect.
JE-10417,2026-09-24,2100,Finance,-17866.43,Credit,Interest hand every quite sense.
JE-10418,2026-09-12,6100,Sales,9728.64,Debit,Lot have never effect fill.
JE-10418,2026-09-12,2100,Sales,-9728.64,Credit,Similar huge catch tell.
JE-10419,2026-09-04,5000,Marketing,17719.36,Debit,Land record class.
JE-10419,2026-09-04,2100,Marketing,-17719.36,Credit,Meet skill song.
JE-10420,2026-09-18,6200,Marketing,16926.17,Debit,Claim who.
JE-10420,2026-09-18,1000,Marketing,-16926.17,Credit,Source statement.
JE-10421,2026-09-14,6100,Operations,9383.64,Debit,Itself ask develop bag also.
JE-10421,2026-09-14,2000,Operations,-9383.64,Credit,Us husband prevent expert.
JE-10422,2026-09-28,6100,Technology,23717.87,Debit,Watch star.
JE-10422,2026-09-28,1000,Technology,-23717.87,Credit,Keep cut prevent sound.
JE-10423,2026-09-09,5000,Operations,24999.43,Debit,Six member.
JE-10423,2026-09-09,2000,Operations,-24999.43,Credit,Past purpose growth.
JE-10424,2026-09-19,6400,Finance,21188.5,Debit,Beautiful every human.
JE-10424,2026-09-19,2100,Finance,-21188.5,Credit,If customer address region.
JE-10425,2026-09-27,5000,Marketing,20960.44,Debit,Expect stop trip give white.
JE-10425,2026-09-27,2100,Marketing,-20960.44,Credit,Difficult white lawyer.
JE-10426,2026-09-12,6100,Marketing,8750.73,Debit,End imagine.
JE-10426,2026-09-12,2100,Marketing,-8750.73,Credit,Next me.
JE-10427,2026-09-10,6100,Operations,9729.64,Debit,Sort what.
JE-10427,2026-09-10,2100,Operations,-9729.64,Credit,Spend offer reason whom none.
JE-10428,2026-09-23,6500,Operations,19391.9,Debit,Which learn leave only.
JE-10428,2026-09-23,2000,Operations,-19391.9,Credit,Loss election.
JE-10429,2026-09-12,6500,Sales,1570.46,Debit,Quality discover firm.
JE-10429,2026-09-12,2100,Sales,-1570.46,Credit,Might act strategy eat.
JE-10430,2026-09-03,6400,Technology,6319.49,Debit,Away use live government.
JE-10430,2026-09-03,2000,Technology,-6319.49,Credit,Especially water raise travel material.
JE-10431,2026-09-06,6100,Technology,18933.58,Debit,Their deal dark.
JE-10431,2026-09-06,2100,Technology,-18933.58,Credit,Student green single.
JE-10432,2026-09-04,6100,Technology,6359.63,Debit,Put professional.
JE-10432,2026-09-04,2000,Technology,-6359.63,Credit,According tax when summer he.
JE-10433,2026-09-10,6300,Marketing,17118.52,Debit,Than make worker trouble exactly.
JE-10433,2026-09-10,2000,Marketing,-17118.52,Credit,Seek campaign moment.
JE-10434,2026-09-13,6400,Technology,19351.24,Debit,Allow girl team simply lead.
JE-10434,2026-09-13,2100,Technology,-19351.24,Credit,Recently least ready.
JE-10435,2026-09-01,6100,Operations,10757.19,Debit,Here beyond gun.
JE-10435,2026-09-01,2100,Operations,-10757.19,Credit,Cost enjoy especially.
JE-10436,2026-09-28,5000,Sales,3890.76,Debit,Hand material decision red.
JE-10436,2026-09-28,2100,Sales,-3890.76,Credit,Half hundred late number.
JE-10437,2026-09-29,6400,Sales,12274.47,Debit,Sport result sound.
JE-10437,2026-09-29,1000,Sales,-12274.47,Credit,It herself certainly where change.
JE-10438,2026-09-24,5000,Marketing,17929.32,Debit,Instead care throw.
JE-10438,2026-09-24,2000,Marketing,-17929.32,Credit,Military result size feel no.
JE-10439,2026-09-17,6200,Operations,2554.94,Debit,Between clear democratic effect.
JE-10439,2026-09-17,2000,Operations,-2554.94,Credit,Benefit seat employee growth newspaper.
JE-10440,2026-09-24,6300,Operations,22680.0,Debit,After building test white.
JE-10440,2026-09-24,1000,Operations,-22680.0,Credit,Officer practice Mrs.
JE-10441,2026-09-29,6300,Operations,23687.12,Debit,Great pull maintain.
JE-10441,2026-09-29,2000,Operations,-23687.12,Credit,Threat high expert place.
JE-10442,2026-09-05,5000,Technology,23296.56,Debit,Political up instead.
JE-10442,2026-09-05,2000,Technology,-23296.56,Credit,Occur support author class direction.
JE-10443,2026-09-10,6300,Operations,12799.17,Debit,Report painting house.
JE-10443,2026-09-10,1000,Operations,-12799.17,Credit,Sit voice security minute.
JE-10444,2026-09-14,6200,Finance,9685.36,Debit,Contain age road.
JE-10444,2026-09-14,1000,Finance,-9685.36,Credit,Wait red bag.
JE-10445,2026-09-05,6100,Sales,21059.82,Debit,Believe view.
JE-10445,2026-09-05,1000,Sales,-21059.82,Credit,Nature ago however share.
JE-10446,2026-09-03,6500,Technology,1438.43,Debit,Peace base use.
JE-10446,2026-09-03,1000,Technology,-1438.43,Credit,Finally easy exist phone.
JE-10447,2026-09-04,6300,Technology,19091.61,Debit,Agreement professional team.
JE-10447,2026-09-04,2100,Technology,-19091.61,Credit,Ten level that various.
JE-10448,2026-09-16,5000,Finance,628.65,Debit,Wide recently computer.
JE-10448,2026-09-16,2000,Finance,-628.65,Credit,Lead see theory itself policy.
JE-10449,2026-09-16,6400,Operations,5783.54,Debit,Loss dinner become film.
JE-10449,2026-09-16,2100,Operations,-5783.54,Credit,Employee field a spring.
JE-10450,2026-09-25,5000,Technology,15417.56,Debit,Expert movement reach man.
JE-10450,2026-09-25,2000,Technology,-15417.56,Credit,Federal she something others.
JE-10451,2026-10-24,5000,Finance,6322.19,Debit,Health in night house clear.
JE-10451,2026-10-24,1000,Finance,-6322.19,Credit,Stock determine bad personal.
JE-10452,2026-10-16,6300,Marketing,10785.73,Debit,Space range expect sea speak.
JE-10452,2026-10-16,1000,Marketing,-10785.73,Credit,Could attention carry book.
JE-10453,2026-10-14,6400,Technology,3216.02,Debit,Evening performance could affect.
JE-10453,2026-10-14,2100,Technology,-3216.02,Credit,Wide against.
JE-10454,2026-10-30,6400,Marketing,902.67,Debit,Especially resource road.
JE-10454,2026-10-30,1000,Marketing,-902.67,Credit,Bed address describe.
JE-10455,2026-10-13,6300,Sales,18104.34,Debit,Your less social form.
JE-10455,2026-10-13,1000,Sales,-18104.34,Credit,Argue simply author.
JE-10456,2026-10-15,6400,Operations,15562.83,Debit,Time economic high.
JE-10456,2026-10-15,2000,Operations,-15562.83,Credit,Business should.
JE-10457,2026-10-08,6400,Finance,5089.19,Debit,East yes current same.
JE-10457,2026-10-08,2000,Finance,-5089.19,Credit,Miss word.
JE-10458,2026-10-15,6400,Marketing,2158.14,Debit,View city rock.
JE-10458,2026-10-15,2100,Marketing,-2158.14,Credit,Minute education police cup thought.
JE-10459,2026-10-26,6400,Marketing,19767.1,Debit,Wind door its.
JE-10459,2026-10-26,1000,Marketing,-19767.1,Credit,Cold everybody.
JE-10460,2026-10-04,5000,Technology,10066.12,Debit,Across among situation.
JE-10460,2026-10-04,2100,Technology,-10066.12,Credit,Read choice side eat.
JE-10461,2026-10-15,6200,Sales,9978.59,Debit,Full wide service art green.
JE-10461,2026-10-15,2100,Sales,-9978.59,Credit,Red social call.
JE-10462,2026-10-07,6200,Finance,897.93,Debit,Small series south just cover.
JE-10462,2026-10-07,1000,Finance,-897.93,Credit,Group care together magazine.
JE-10463,2026-10-14,6400,Finance,18457.06,Debit,My majority note.
JE-10463,2026-10-14,2100,Finance,-18457.06,Credit,Girl run every story trial.
JE-10464,2026-10-17,5000,Operations,19038.63,Debit,Most last.
JE-10464,2026-10-17,2000,Operations,-19038.63,Credit,Must law simply.
JE-10465,2026-10-16,6500,Operations,13877.34,Debit,Third people hair.
JE-10465,2026-10-16,2000,Operations,-13877.34,Credit,Draw return probably much hold.
JE-10466,2026-10-16,6500,Technology,24530.07,Debit,She child executive important.
JE-10466,2026-10-16,1000,Technology,-24530.07,Credit,Book model at strong.
JE-10467,2026-10-04,6500,Finance,20381.69,Debit,Dark magazine.
JE-10467,2026-10-04,2000,Finance,-20381.69,Credit,All politics.
JE-10468,2026-10-12,5000,Operations,1406.1,Debit,Moment red eight hand.
JE-10468,2026-10-12,1000,Operations,-1406.1,Credit,Responsibility actually TV pretty up.
JE-10469,2026-10-25,6200,Sales,22201.86,Debit,Song art newspaper voice.
JE-10469,2026-10-25,2100,Sales,-22201.86,Credit,State some around pay.
JE-10470,2026-10-16,6300,Marketing,10256.49,Debit,Strong back.
JE-10470,2026-10-16,2000,Marketing,-10256.49,Credit,Whether best rise.
JE-10471,2026-10-16,6200,Operations,1397.21,Debit,Cover prevent now.
JE-10471,2026-10-16,2000,Operations,-1397.21,Credit,Next newspaper second.
JE-10472,2026-10-23,6500,Finance,21622.39,Debit,Group learn professor third coach.
JE-10472,2026-10-23,2000,Finance,-21622.39,Credit,Nearly measure price.
JE-10473,2026-10-17,6300,Sales,7193.81,Debit,Kitchen good firm yard foot.
JE-10473,2026-10-17,2000,Sales,-7193.81,Credit,Include plan step food.
JE-10474,2026-10-08,6200,Technology,18711.04,Debit,Degree she unit effect which.
JE-10474,2026-10-08,1000,Technology,-18711.04,Credit,Where a alone expect.
JE-10475,2026-10-01,6200,Technology,12656.98,Debit,Year few feel.
JE-10475,2026-10-01,2100,Technology,-12656.98,Credit,Democrat fire sign.
JE-10476,2026-10-29,6500,Finance,7034.66,Debit,Try memory number.
JE-10476,2026-10-29,2000,Finance,-7034.66,Credit,Choice also green catch happen.
JE-10477,2026-10-18,6100,Marketing,2433.71,Debit,Eight feel now.
JE-10477,2026-10-18,2100,Marketing,-2433.71,Credit,Truth safe rich society common.
JE-10478,2026-10-25,5000,Finance,7697.28,Debit,Standard believe politics also space.
JE-10478,2026-10-25,2000,Finance,-7697.28,Credit,Bad argue side girl.
JE-10479,2026-10-25,6300,Sales,16692.52,Debit,Us building side section.
JE-10479,2026-10-25,2100,Sales,-16692.52,Credit,Up plant place approach modern.
JE-10480,2026-10-10,6500,Operations,18082.74,Debit,Change maybe determine anything rule.
JE-10480,2026-10-10,2000,Operations,-18082.74,Credit,Wife send offer bed.
JE-10481,2026-10-13,6500,Finance,9112.9,Debit,Challenge from live seat.
JE-10481,2026-10-13,2000,Finance,-9112.9,Credit,Human be maybe similar candidate.
JE-10482,2026-10-05,6200,Technology,15563.86,Debit,Cup house number night young.
JE-10482,2026-10-05,2100,Technology,-15563.86,Credit,East author since food under.
JE-10483,2026-10-03,5000,Finance,24510.67,Debit,Interest give fly order.
JE-10483,2026-10-03,2100,Finance,-24510.67,Credit,Show college.
JE-10484,2026-10-11,6400,Sales,16119.06,Debit,Perhaps key under do.
JE-10484,2026-10-11,2100,Sales,-16119.06,Credit,Choose rock beat science.
JE-10485,2026-10-08,6100,Finance,17145.56,Debit,Unit than star add really.
JE-10485,2026-10-08,2100,Finance,-17145.56,Credit,Figure likely.
JE-10486,2026-10-10,5000,Technology,17113.18,Debit,Deep national seek nature performance.
JE-10486,2026-10-10,1000,Technology,-17113.18,Credit,Reason property heavy.
JE-10487,2026-10-28,6200,Sales,2147.22,Debit,Analysis color exist smile peace.
JE-10487,2026-10-28,2000,Sales,-2147.22,Credit,Let war.
JE-10488,2026-10-02,6400,Finance,23761.94,Debit,Production tree growth.
JE-10488,2026-10-02,1000,Finance,-23761.94,Credit,Affect test.
JE-10489,2026-10-20,6200,Sales,17137.02,Debit,Woman meet report.
JE-10489,2026-10-20,2000,Sales,-17137.02,Credit,Machine others because current.
JE-10490,2026-10-30,6100,Marketing,19195.57,Debit,Unit again easy morning four.
JE-10490,2026-10-30,2100,Marketing,-19195.57,Credit,Season adult range green.
JE-10491,2026-10-10,6500,Sales,9490.27,Debit,Every artist election hit.
JE-10491,2026-10-10,2000,Sales,-9490.27,Credit,Want we.
JE-10492,2026-10-07,5000,Finance,6615.49,Debit,Today prevent because him.
JE-10492,2026-10-07,2100,Finance,-6615.49,Credit,Their rather individual of interview.
JE-10493,2026-10-10,6300,Marketing,5058.18,Debit,Forget my deal catch must.
JE-10493,2026-10-10,2100,Marketing,-5058.18,Credit,Television finally relate.
JE-10494,2026-10-16,6500,Sales,3385.14,Debit,Involve training show.
JE-10494,2026-10-16,2000,Sales,-3385.14,Credit,True fish newspaper we brother.
JE-10495,2026-10-10,6200,Marketing,5756.98,Debit,Risk she they.
JE-10495,2026-10-10,2100,Marketing,-5756.98,Credit,Which field seat start.
JE-10496,2026-10-20,6100,Technology,22953.73,Debit,Charge could capital.
JE-10496,2026-10-20,1000,Technology,-22953.73,Credit,Several partner.
JE-10497,2026-10-09,6300,Finance,3825.35,Debit,Partner others discuss ago bag.
JE-10497,2026-10-09,1000,Finance,-3825.35,Credit,Care suffer light power.
JE-10498,2026-10-06,5000,Technology,22517.64,Debit,Man case cover allow.
JE-10498,2026-10-06,2100,Technology,-22517.64,Credit,Understand wear.
JE-10499,2026-10-07,6500,Sales,24205.25,Debit,Serious at until.
JE-10499,2026-10-07,2000,Sales,-24205.25,Credit,Term majority foot leader.
JE-10500,2026-10-08,6400,Marketing,17883.74,Debit,Simply part station result.
JE-10500,2026-10-08,2000,Marketing,-17883.74,Credit,Particularly score order modern.
JE-10501,2026-11-26,6500,Operations,22337.63,Debit,Minute later.
JE-10501,2026-11-26,2100,Operations,-22337.63,Credit,There early.
JE-10502,2026-11-16,6200,Operations,23219.45,Debit,Newspaper might.
JE-10502,2026-11-16,2100,Operations,-23219.45,Credit,While couple keep this similar.
JE-10503,2026-11-09,6100,Operations,5993.92,Debit,Institution party approach.
JE-10503,2026-11-09,1000,Operations,-5993.92,Credit,Tough less position bed may.
JE-10504,2026-11-06,6200,Finance,19864.14,Debit,Visit receive career including late.
JE-10504,2026-11-06,2100,Finance,-19864.14,Credit,Law to time.
JE-10505,2026-11-26,6400,Technology,14520.8,Debit,Economic reality.
JE-10505,2026-11-26,1000,Technology,-14520.8,Credit,Responsibility but box.
JE-10506,2026-11-14,5000,Finance,15492.73,Debit,Be religious risk window.
JE-10506,2026-11-14,2000,Finance,-15492.73,Credit,Wear her herself should treatment.
JE-10507,2026-11-17,6400,Technology,10254.92,Debit,Class certain shoulder.
JE-10507,2026-11-17,2000,Technology,-10254.92,Credit,Information finally.
JE-10508,2026-11-23,5000,Marketing,19344.53,Debit,Eye Congress together whether.
JE-10508,2026-11-23,1000,Marketing,-19344.53,Credit,Performance education.
JE-10509,2026-11-14,6300,Finance,24323.3,Debit,Myself accept third down.
JE-10509,2026-11-14,2000,Finance,-24323.3,Credit,Process law kind over according.
JE-10510,2026-11-26,6100,Sales,17162.67,Debit,People newspaper stay.
JE-10510,2026-11-26,2100,Sales,-17162.67,Credit,Continue area.
JE-10511,2026-11-11,6100,Operations,16174.95,Debit,Take project study.
JE-10511,2026-11-11,2000,Operations,-16174.95,Credit,Former because board.
JE-10512,2026-11-29,5000,Finance,12820.16,Debit,Public particularly reality.
JE-10512,2026-11-29,2100,Finance,-12820.16,Credit,Occur no whom see growth.
JE-10513,2026-11-02,6100,Operations,4248.88,Debit,Follow today star.
JE-10513,2026-11-02,2000,Operations,-4248.88,Credit,Successful assume likely business.
JE-10514,2026-11-25,6200,Operations,23401.08,Debit,Money modern receive partner.
JE-10514,2026-11-25,2100,Operations,-23401.08,Credit,Number without.
JE-10515,2026-11-16,6200,Finance,22425.68,Debit,Low read.
JE-10515,2026-11-16,1000,Finance,-22425.68,Credit,Interview summer employee.
JE-10516,2026-11-17,6200,Marketing,16058.9,Debit,Government can none mind place.
JE-10516,2026-11-17,1000,Marketing,-16058.9,Credit,Space this discussion fact.
JE-10517,2026-11-06,6400,Marketing,15813.05,Debit,Agency personal brother.
JE-10517,2026-11-06,1000,Marketing,-15813.05,Credit,Son yourself increase.
JE-10518,2026-11-10,6400,Operations,12813.04,Debit,South defense political real effort.
JE-10518,2026-11-10,2100,Operations,-12813.04,Credit,Film media.
JE-10519,2026-11-10,6500,Marketing,4277.76,Debit,Box four.
JE-10519,2026-11-10,2100,Marketing,-4277.76,Credit,Right pattern ahead compare.
JE-10520,2026-11-10,5000,Marketing,8771.68,Debit,Two look listen along.
JE-10520,2026-11-10,1000,Marketing,-8771.68,Credit,Loss physical throughout.
JE-10521,2026-11-16,6200,Marketing,2489.96,Debit,Leg sport until argue.
JE-10521,2026-11-16,2100,Marketing,-2489.96,Credit,Federal right firm movie decade.
JE-10522,2026-11-20,6300,Marketing,5664.81,Debit,At chance subject fund.
JE-10522,2026-11-20,2100,Marketing,-5664.81,Credit,Phone success number hope.
JE-10523,2026-11-18,6500,Technology,16155.28,Debit,Relate fire all.
JE-10523,2026-11-18,2100,Technology,-16155.28,Credit,Beautiful theory he stop.
JE-10524,2026-11-09,6300,Sales,7596.96,Debit,Few born size sing tree.
JE-10524,2026-11-09,1000,Sales,-7596.96,Credit,Media sometimes toward child.
JE-10525,2026-11-10,6200,Technology,20214.86,Debit,Run model simply century.
JE-10525,2026-11-10,2000,Technology,-20214.86,Credit,State visit.
JE-10526,2026-11-20,6100,Finance,2287.84,Debit,Day already hold.
JE-10526,2026-11-20,2000,Finance,-2287.84,Credit,Break financial analysis summer the.
JE-10527,2026-11-10,6100,Technology,10682.73,Debit,Billion she.
JE-10527,2026-11-10,2000,Technology,-10682.73,Credit,Against serve police.
JE-10528,2026-11-07,6500,Sales,15363.18,Debit,Court everybody five.
JE-10528,2026-11-07,2000,Sales,-15363.18,Credit,Provide evening church boy.
JE-10529,2026-11-28,6300,Sales,18487.89,Debit,Method deal go five center.
JE-10529,2026-11-28,1000,Sales,-18487.89,Credit,Off commercial find.
JE-10530,2026-11-26,6400,Marketing,19136.29,Debit,Kitchen candidate likely push black.
JE-10530,2026-11-26,1000,Marketing,-19136.29,Credit,Beat hot.
JE-10531,2026-11-21,5000,Technology,8318.34,Debit,Picture real knowledge green forward.
JE-10531,2026-11-21,2000,Technology,-8318.34,Credit,Require provide move.
JE-10532,2026-11-29,5000,Operations,11515.1,Debit,Nothing behavior sort recognize.
JE-10532,2026-11-29,1000,Operations,-11515.1,Credit,Lay range.
JE-10533,2026-11-21,6400,Technology,7610.19,Debit,Like water century time.
JE-10533,2026-11-21,2000,Technology,-7610.19,Credit,Tree hot record.
JE-10534,2026-11-20,6200,Operations,6582.62,Debit,Law air little goal.
JE-10534,2026-11-20,2100,Operations,-6582.62,Credit,Suffer executive give offer.
JE-10535,2026-11-15,6100,Operations,18167.65,Debit,Stage someone for power.
JE-10535,2026-11-15,2000,Operations,-18167.65,Credit,Mouth husband including.
JE-10536,2026-11-19,6300,Technology,24901.25,Debit,City lot at decade really.
JE-10536,2026-11-19,2000,Technology,-24901.25,Credit,Six itself skin name.
JE-10537,2026-11-07,6300,Finance,12685.57,Debit,School Republican.
JE-10537,2026-11-07,2100,Finance,-12685.57,Credit,Boy other foot best.
JE-10538,2026-11-13,6100,Operations,11702.15,Debit,What attorney board.
JE-10538,2026-11-13,2100,Operations,-11702.15,Credit,Side her management produce bed.
JE-10539,2026-11-24,6200,Finance,9145.93,Debit,Tough player a chair chance.
JE-10539,2026-11-24,2000,Finance,-9145.93,Credit,Factor past language day theory.
JE-10540,2026-11-09,6200,Technology,15139.21,Debit,Truth view response.
JE-10540,2026-11-09,2100,Technology,-15139.21,Credit,Wrong old particularly member.
JE-10541,2026-11-25,6300,Finance,700.35,Debit,Artist too whose.
JE-10541,2026-11-25,1000,Finance,-700.35,Credit,Reflect star.
JE-10542,2026-11-11,6300,Sales,22120.17,Debit,Tend dog reduce.
JE-10542,2026-11-11,2000,Sales,-22120.17,Credit,Personal Republican image itself.
JE-10543,2026-11-07,6400,Finance,1608.44,Debit,Little could his.
JE-10543,2026-11-07,2100,Finance,-1608.44,Credit,Style child young prove.
JE-10544,2026-11-04,6200,Marketing,5269.05,Debit,Possible century.
JE-10544,2026-11-04,1000,Marketing,-5269.05,Credit,Price window career case.
JE-10545,2026-11-24,6400,Technology,9965.55,Debit,Throw receive us perhaps.
JE-10545,2026-11-24,2000,Technology,-9965.55,Credit,Meeting need last green.
JE-10546,2026-11-06,6500,Marketing,20720.13,Debit,Account marriage room Republican especially.
JE-10546,2026-11-06,2100,Marketing,-20720.13,Credit,Office almost also low happy.
JE-10547,2026-11-17,6300,Finance,3410.87,Debit,Center rule.
JE-10547,2026-11-17,2000,Finance,-3410.87,Credit,Let back three.
JE-10548,2026-11-03,6400,Sales,19974.98,Debit,Piece professional protect range.
JE-10548,2026-11-03,2000,Sales,-19974.98,Credit,Something fine apply gas sing.
JE-10549,2026-11-14,6400,Operations,18996.65,Debit,Town off former good within.
JE-10549,2026-11-14,2100,Operations,-18996.65,Credit,Eye along type.
JE-10550,2026-11-22,5000,Finance,10333.98,Debit,Employee picture official of prevent.
JE-10550,2026-11-22,1000,Finance,-10333.98,Credit,Speak person expert.
JE-10551,2026-12-03,6300,Sales,3857.39,Debit,Baby six edge past.
JE-10551,2026-12-03,2100,Sales,-3857.39,Credit,Tax add born.
JE-10552,2026-12-06,6400,Marketing,11696.22,Debit,School process have compare site.
JE-10552,2026-12-06,1000,Marketing,-11696.22,Credit,Machine son television.
JE-10553,2026-12-11,6200,Marketing,8535.16,Debit,Whose other.
JE-10553,2026-12-11,1000,Marketing,-8535.16,Credit,Study sell include.
JE-10554,2026-12-12,6500,Marketing,10127.39,Debit,Rise cold official success.
JE-10554,2026-12-12,2000,Marketing,-10127.39,Credit,Politics sense.
JE-10555,2026-12-04,6400,Marketing,15046.25,Debit,Less live live.
JE-10555,2026-12-04,2100,Marketing,-15046.25,Credit,Do raise hope enjoy most.
JE-10556,2026-12-14,6200,Marketing,12501.24,Debit,Until large question.
JE-10556,2026-12-14,2000,Marketing,-12501.24,Credit,Raise American truth PM what.
JE-10557,2026-12-13,6200,Sales,20485.85,Debit,Friend environment better.
JE-10557,2026-12-13,2100,Sales,-20485.85,Credit,Hospital significant see same open.
JE-10558,2026-12-06,6400,Technology,3185.31,Debit,Question year finish action.
JE-10558,2026-12-06,2000,Technology,-3185.31,Credit,Story activity.
JE-10559,2026-12-03,6400,Finance,20020.49,Debit,Rate goal.
JE-10559,2026-12-03,2000,Finance,-20020.49,Credit,Edge alone people.
JE-10560,2026-12-02,6400,Marketing,7005.5,Debit,Prevent structure wear point remain.
JE-10560,2026-12-02,1000,Marketing,-7005.5,Credit,Beat painting heavy.
JE-10561,2026-12-23,6300,Marketing,18174.3,Debit,Sort continue book contain far.
JE-10561,2026-12-23,1000,Marketing,-18174.3,Credit,Police two.
JE-10562,2026-12-09,6300,Marketing,13343.69,Debit,Realize property show either.
JE-10562,2026-12-09,1000,Marketing,-13343.69,Credit,Everyone artist.
JE-10563,2026-12-12,5000,Operations,20630.7,Debit,Election spend.
JE-10563,2026-12-12,2100,Operations,-20630.7,Credit,Key man up.
JE-10564,2026-12-19,6100,Finance,23731.03,Debit,Population board music.
JE-10564,2026-12-19,1000,Finance,-23731.03,Credit,Despite poor tree resource.
JE-10565,2026-12-04,6100,Technology,11305.44,Debit,Audience road.
JE-10565,2026-12-04,2000,Technology,-11305.44,Credit,Affect marriage present a.
JE-10566,2026-12-02,6400,Technology,17417.26,Debit,Entire record toward off.
JE-10566,2026-12-02,2100,Technology,-17417.26,Credit,Remain side long identify road.
JE-10567,2026-12-25,6500,Finance,23052.76,Debit,Music about.
JE-10567,2026-12-25,1000,Finance,-23052.76,Credit,Building movement yard four.
JE-10568,2026-12-10,6200,Marketing,13207.74,Debit,Place where.
JE-10568,2026-12-10,2100,Marketing,-13207.74,Credit,Half table.
JE-10569,2026-12-11,6200,Technology,12220.09,Debit,Set face data never.
JE-10569,2026-12-11,1000,Technology,-12220.09,Credit,Produce federal hope blood.
JE-10570,2026-12-21,6200,Marketing,11761.76,Debit,Be plan same cause.
JE-10570,2026-12-21,2100,Marketing,-11761.76,Credit,Agent you draw.
JE-10571,2026-12-12,6400,Sales,9180.03,Debit,Poor matter who speech whom.
JE-10571,2026-12-12,2000,Sales,-9180.03,Credit,Already argue.
JE-10572,2026-12-24,6200,Operations,5210.47,Debit,If deep.
JE-10572,2026-12-24,2100,Operations,-5210.47,Credit,Learn question them chance often.
JE-10573,2026-12-28,6200,Sales,7813.23,Debit,Save major.
JE-10573,2026-12-28,2100,Sales,-7813.23,Credit,Likely truth.
JE-10574,2026-12-02,6200,Technology,5578.31,Debit,Add plan toward.
JE-10574,2026-12-02,2000,Technology,-5578.31,Credit,Lay color.
JE-10575,2026-12-18,6200,Sales,9045.68,Debit,Box organization.
JE-10575,2026-12-18,1000,Sales,-9045.68,Credit,Determine source international specific word.
JE-10576,2026-12-21,6300,Marketing,14550.18,Debit,Building range national focus.
JE-10576,2026-12-21,2000,Marketing,-14550.18,Credit,Share or friend.
JE-10577,2026-12-04,6200,Operations,20550.25,Debit,Serious collection have.
JE-10577,2026-12-04,1000,Operations,-20550.25,Credit,Just understand American.
JE-10578,2026-12-03,6200,Finance,7546.94,Debit,Partner sing administration main according.
JE-10578,2026-12-03,2000,Finance,-7546.94,Credit,Unit religious order.
JE-10579,2026-12-09,6100,Technology,16571.32,Debit,Realize deal policy mission.
JE-10579,2026-12-09,1000,Technology,-16571.32,Credit,Dream company reality other.
JE-10580,2026-12-22,6400,Sales,20784.82,Debit,Wear physical site girl above.
JE-10580,2026-12-22,2100,Sales,-20784.82,Credit,Court worry with.
JE-10581,2026-12-19,6400,Finance,7154.73,Debit,Medical less phone decade apply.
JE-10581,2026-12-19,2100,Finance,-7154.73,Credit,Someone rate.
JE-10582,2026-12-30,5000,Operations,14877.35,Debit,Marriage civil two approach.
JE-10582,2026-12-30,2100,Operations,-14877.35,Credit,Expect itself free source.
JE-10583,2026-12-23,6500,Operations,22677.01,Debit,Bit appear.
JE-10583,2026-12-23,1000,Operations,-22677.01,Credit,Compare size machine break time.
JE-10584,2026-12-22,6200,Technology,1786.03,Debit,Often industry section together discover.
JE-10584,2026-12-22,2100,Technology,-1786.03,Credit,For better.
JE-10585,2026-12-23,5000,Operations,12073.9,Debit,Heart determine likely.
JE-10585,2026-12-23,2100,Operations,-12073.9,Credit,Approach job democratic participant.
JE-10586,2026-12-06,6300,Operations,24458.81,Debit,Carry rest place wish.
JE-10586,2026-12-06,2100,Operations,-24458.81,Credit,From allow notice.
JE-10587,2026-12-09,6300,Technology,23408.29,Debit,Surface learn.
JE-10587,2026-12-09,2100,Technology,-23408.29,Credit,Set detail far.
JE-10588,2026-12-05,6200,Sales,5386.67,Debit,Town official need discover in.
JE-10588,2026-12-05,2000,Sales,-5386.67,Credit,Majority yet option student evidence.
JE-10589,2026-12-22,6500,Finance,16324.5,Debit,Easy its develop.
JE-10589,2026-12-22,2100,Finance,-16324.5,Credit,Watch trial together individual analysis.
JE-10590,2026-12-30,6100,Finance,6189.39,Debit,Almost most look something.
JE-10590,2026-12-30,2000,Finance,-6189.39,Credit,Laugh drive.
JE-10591,2026-12-17,5000,Operations,22115.0,Debit,Really image.
JE-10591,2026-12-17,2000,Operations,-22115.0,Credit,Car fast positive.
JE-10592,2026-12-03,6500,Operations,19805.04,Debit,Protect class learn now.
JE-10592,2026-12-03,2000,Operations,-19805.04,Credit,Agency lawyer sign them if.
JE-10593,2026-12-24,6200,Finance,21980.21,Debit,Phone region ability physical.
JE-10593,2026-12-24,2100,Finance,-21980.21,Credit,Throw four allow international.
JE-10594,2026-12-09,6200,Sales,15268.18,Debit,My some skin ball thing.
JE-10594,2026-12-09,2000,Sales,-15268.18,Credit,Method travel.
JE-10595,2026-12-11,6400,Marketing,24732.94,Debit,Book half.
JE-10595,2026-12-11,2000,Marketing,-24732.94,Credit,American hand possible relate night.
JE-10596,2026-12-24,6400,Operations,22286.87,Debit,Wonder draw box.
JE-10596,2026-12-24,2000,Operations,-22286.87,Credit,Say sell that reflect.
JE-10597,2026-12-23,6200,Finance,7184.51,Debit,Fly today me.
JE-10597,2026-12-23,1000,Finance,-7184.51,Credit,Everyone as generation main.
JE-10598,2026-12-16,6500,Sales,18412.42,Debit,Like mother stay.
JE-10598,2026-12-16,1000,Sales,-18412.42,Credit,Later happy pull.
JE-10599,2026-12-21,6200,Sales,845.06,Debit,Could this.
JE-10599,2026-12-21,2100,Sales,-845.06,Credit,Bag today.
JE-10600,2026-12-09,6100,Operations,17022.83,Debit,Body every.
JE-10600,2026-12-09,2100,Operations,-17022.83,Credit,Many themselves minute.
JE-10006,2026-01-09,6300,Marketing,5371.52,Debit,Talk term.
